Channel Title,Channel Id,videoCount
Waleska Herrera,UCPAz3hWHiBC-c1x4K0-atsg,258
Handa Studio Philippines,UC6i-b_82Fu9hCcgVnJEuV-Q,204
What's up Philippines,UCryJ4vhASeu7uhXRPOL3WhA,139
Cousins React PH,UCbS8LGW-p2mPuyLd4cF410Q,97
A Foreigner in the Philippines,UCt9BTGSxATM6axwfTY4KnEg,77
The Sunbae Club,UC5srj0Tgfq-FuFyk9HFl0Rw,76
The Commodity,UCO5Jeark1e_JP36mY3ua19g,68
TriFate Geo,UCAUgY9e_n2DhyZTgvPRoJnQ,66
Purple Twins,UCvOxZARbKQLR4WB59oyq45g,50
Adam and Jane's Lifestyle,UCobYD8WgP3GPOqgvXF2Yy1w,50
Music Game News,UCCgVh36x3hbuRnHMpwl443Q,44
Life of Maymay Mukbangers,UCkv-SXvWHauNrkZzyQIDSZg,42
Fernando and Vanessa,UCytsMf3mG13YZK9pDjw8yqg,41
Merryjuj,UC_nGEYgqzTuyFbHCZELMC2w,40
That Philippines Life,UCQQyW9Ki62OmGzHedws7xlQ,40
The Garcia Family,UCWjSwkIn2gGgETcZZYaO-6g,37
Sol & Luna TV,UCpcVjkwSeZG6GJvLsIxK5Yw,35
DreamWithDiana,UCOO0qiM_zrmwItmq--j3ICA,35
Shin Smith,UCdkq517IaeUcnG5CIiFX9RA,34
JUICY REACTS,UCYr4VTQfBpXrccQw_H2S8RA,32
123JAPAN!,UC23SG4XKkSrbhz-bZ2f5Mfw,32
LeRoc Living My Life Philippines,UCQYkvXhPNaRxlu-jAI5_5Zg,31
VI3ION,UC7HxIb6bY4-ymtAOS_MGsOw,31
uncultured,UCZ-5uY71p3Xt9YelLWBqRiQ,30
Susie in the Philippines,UCKLlmM881k4QZN-iUAFIQfw,30
Yoshi the Japanese Guy,UCeT1qAcQxLP6cEfbMe85QCQ,30
Calvin Castiel,UCKMU-I4eYw-D9QF1YdUMUlw,29
Sylvia Kim,UCQKWCDl0BKMIAj-mrjLIySg,26
The Juicy Vlog,UCYY2mNcq7pv6IRW92JIT6DA,26
OSSC,UC4rh5RVSMT00G29ySkkt1hg,26
Dabble and Travel,UCVv-y0k91qAA-uI_K46UBvg,25
Justin Burke,UCUyDpu18SLNxJxMjJKFbNOA,24
The Demouchets REACT,UCo5IPeTfhzXzzNB64ALUSUw,23
BecomingFilipino,UCqdBWKP4_8bU-Rsk2LvVz6Q,21
EL's Planet,UCTL128JylZO50B0MqbUuhSw,21
BlindOwl Outdoors - Simple Living Philippines,UCFuFHFgHPya17g6lbKrlCXg,20
TriFate Lifestyle,UCRzBNJTsBe2rq6pkyXeaj1A,20
OPM Acoustic,UCeccof3xATHRJVYTGx36wdw,20
Jesse Davie,UCQd4vaUemvTOAxvoQqlY7Ew,20
FinnSnow,UCzfEqx1_-zs2xUUzI3jVRSg,19
Mery P,UCLNPsVp9IaYf5a5XRQOE_qg,18
Dave Roams,UCRbxApsHPfN2huG4Z6D0MeA,18
Bigg World Cinema,UCSvaH7DbguYJcp8PHTTv1Zw,17
SPORTS REACT PH,UCg-kYL79Z-R6Mz1fF68NV4w,17
Sukli,UCkPpAqpOa_MXLP2qOTSrPOg,16
DORCAS Morounmubo,UCaAjLj9oGV6VKMYq8FxEwdQ,16
Jessica Lee,UCLPLXSPgySkBypwpi6BrMwg,16
Kano Harry,UClC88Hwf0c115jFj-fhVj2A,16
Philippinesüáµüá≠,UCL21e5WivLGktgPjcWivlkg,15
RYU JAPAN,UCqCI4i-mZ4Cu6Kr8emMaf1A,15
KHili,UClh-4zb0esm1YLZdGa-msfw,15
Canadian In Philippines,UCP_y6xg3u3hF3pskXosMQyQ,14
IdkSterling,UC0GbKJaeEN9k5CG1NLbN6Ow,14
Hello Philippines,UCPPBot1bmfYLSDK0lk9Tlcw,14
ONE FILIPINO TV,UCFjh6CdEwrQrKf4o9QUnoEA,14
Snipe Gaming TV,UC5lxfy3BVWiaUw5BAf0VINw,13
Miss Oh,UCF1Pt--DcPEV4d8WXElQJ3A,13
Singh and Sarah,UCHx3EruMoIye5O12oR57Bqg,13
Travel With Success,UCt9CPuWfS9HgRZmSYpGPFaw,13
Desi Chris,UCoqGJPtvsPpALlhtqB1lcHA,13
PH 021,UCR7KdaQkXUUHhyaw764RVzw,12
A Foreigner Farming in the Philippines,UClCaGenCW0l5kPVUrR3wWmQ,12
thegasconprincess,UCdvmp5g7tgB49kLnPeik3XA,12
Flying Kell,UC1PwIaB8KklVK5iZqbtZErA,12
Dwaine Woolley,UC3ZnKcjVu7GszgdBe4uRZ3A,11
Korean Filipino Jobs,UC2xFAIV5shzGSzX-F2J_1QA,11
Visual_mode,UC1FVueCEU5ORLkWyRpEN0dQ,11
Rahul2Fan,UCnvNQsU5bd2T0Pl7dfpUHhg,11
Travel Escapes,UCcaIZBgmiYTJP9fpO_xjMTQ,10
Ella Vloggs,UCKW52TzD7cx__2BlKYYZ75A,10
PH dos REACT,UCe3sLhzbYEz40QeS_Iscn0g,10
The Content Junkies,UCau87M9DnzSL5iDE9f4uVKQ,10
Jennifer Terri,UCxHH6fo_k6IGJDChtlTdNpw,10
Rec‚Ä¢Create,UCpZdK-V4x1b2TFzFBKwGztw,10
jirohpages,UCdeGHJwtWJAcuC0VczkuV3Q,10
Volkan Daƒücƒ±,UCHYQ-65DYweO6dYooSfYqpw,10
Challys Journey,UC1OKXpUlKSN4smvMssu7UBg,10
King KeNNy Slay,UCiuqfsMPDQaSaGgw1o96XrQ,10
Lyn & Anthony life in the Philippines,UCrkk5DrjoeF6AJkP0YEpZIQ,9
The Hungry Syrian Wanderer,UCrPo31V8wpuuCMseyzEDZMQ,9
RELL üï∫üèΩ,UCuBgQMllxvxKLuABHZlV5KA,9
The Filipina Pea,UCrm4tEQqTrUP3MwB2G1mjHw,9
Jelena Kopilec,UC6tTTsFKifxEhOIMI2HtLeQ,9
Mirco Tere & Bella,UCVWSmD7gyvZv7fpcgF-oiCQ,9
Dabble The Reaction,UCG57u0jfLpuPuCAHRUtTxdg,9
Farhan Jahan,UC5yhpjeZYcuSLqeOdHLxnzg,9
Jared Hartmann,UCEOV7DU1UfzH05r3KBq0OaQ,9
McJhony,UC8rc4LEymAfWQMx1diQlaXA,9
Wil Dasovich,UCSir19L_390tAg4IbCggvCg,9
Jasper in the Philippines üáµüá≠ ,UCJsUPQs-NSevvUxKmtvdQxw,9
MontWRLD,UCXisjO3r0KC_Vh-PWwPTbBA,8
MPL Philippines,UC5ASeit2rM3taMSUChv9tNA,8
Amboy Sa Pinas,UCEjpHDkceZ2lYjnI54t9fmg,8
We Vybz Tv,UCIk6DASPsMiUXnU6Y1Lz8Ww,8
Two Broskis,UC94bSvWltDS6I0U_u7mn8VQ,8
Yo! ,UC2fOfXH87lynFQkzRcYEQ4A,8
D&J REACT,UCZfYUKBwN396zj6I3DA2k0A,8
8 Miles from Home,UCOnj7dA6j1iTFtudrackMag,8
Daniel Marsh,UCiNCvGzwadWCZIzTUjoApRQ,7
Bisayang Hilaw,UC7fga_Kycp9z6pg5Yhx7R-w,7
C Pas,UC23dOMkDdz7LJF34Ui3goJA,7
Jonathan Liandi,UCmtAg_U0wvmWdxTlceISdEw,7
Big Guy Appetite,UC-wNjA3exMjeJlEU5TvJ4Tw,7
Rare Soul Worldwide,UC-VUzVsTFTXMU7aSf-lEsiA,7
NoFear_LifeStyle,UCTtxTOpvEj0E3YAFGfiCOsQ,7
AG WONDER 111,UCDyDWQVNvHtbOosA39aslvw,7
Dustin Backpacks,UCQ3i4wFECsKSLp8_9y-BkgA,7
Happiness Boms,UCbbw0svE3owMHUQcsL0nnUA,7
Dean Hashim,UCmZEdaBmnUEoWAzLo4nFASA,7
Max & Sujy Îß•Ïä§ÏôÄ ÏàòÏßÄ,UCvsb2dwX9pL-_QX8blpQ_Ag,7
Jessel in the Philippines üáµüá≠,UCkVNOAMRAda2x1OW9qXAhbg,7
Tom from Texas,UCDnzN6Kr9DBlQB9ixKqt1Ng,7
Alwin GC,UC2YV9DGG7kN7mSeuQqD5QHA,7
Lifey,UC25HBOBYfc-scqCQcyYKVNw,7
Chika Blockbuster,UCUF2pX2Tein3t__JDUXlt6Q,6
Puting Pinoy of ExAmmon Studios,UCs5vW-XTkApnkLbaiz0yNIg,6
Tater Travels Shorts,UCqIG2Z7i5lxsiaNJenOW-NA,6
Oppa Jinyong,UCBLepDOut_qiOetyDqLBmKw,6
Gacha_golden 137,UCLuyf8W6MKrVSd254Pp0N5w,6
ItsNomadTrinidad,UCgvTNqLFbMS8Wp73r00fGLA,6
Nurse Ruth Nook,UCRe3yRMUuJkNeWLtO9kBGqg,6
The Hungry Syrian Family,UCmw9oO138A4WRUbOZyUGhHA,6
Amerikanang Hilaw,UCnS4ERF-4LJEcbqcUjoMMyw,6
AnongSayoTv Cover,UCanpS1kLR6shtqkpx5H50VQ,6
Luis Portelles,UCeBL09KpOrsEPZhsbI7WT1Q,6
Hypebits TV,UCuEZGP5cGZkPqVqU6LBF4aQ,6
‡º∫[Vale üåπ Rose]‡ºª,UCoYTHRlGRuYwjW5cxzZ74WA,6
Samantha Lisa ,UCam1q_TN5QauJdk07T0bteA,6
Kuya Jake,UCLZn9AO3oMeox3b3FEusjuw,6
ASIA ARTIST AWARDS,UCIYOI59PWwwOtsXmTnLOp_w,6
Gerard Activa,UCN2X09K8o0zhk44EVhkmeXw,6
WAVE LEE,UCMhSxrcs7vsoNp_pDe0TDGA,6
Travel Chronicles,UCmUaeYKjQ7n0aMa1KjDHlQg,6
ABS-CBN News,UCE2606prvXQc_noEqKxVJXA,6
Fumiya / FumiShun Base,UCi7Ofw4sJynsacr_i6uk_lA,6
ABS-CBN Entertainment,UCstEtN0pgOmCf02EdXsGChw,6
„ÄåThe_Sleepyhead„Äç,UCgd7Ff5cYNd8odKmrC6h1GA,6
Mariia Di,UCmMHuOVQroFnzMPtBBwtoCw,6
BEYONDLOCALGODDESSES,UCwjWUUCiv_TPoErI9AZv6Lg,6
Vocal Lab Collective,UCa9GyTms1Kyve7Pyj3i-Vnw,6
TAKASHii from Japan,UCPSx50w7WavmAXmYowlhNWQ,6
PINAY AFAM TVüá¶üá∫,UC7yK84cgpIy9iRjk1uoM8WA,6
Chuckie's Kitchen,UChOfNDlXR6XueB8IxMxeqBw,6
GH'S,UCdrBnBNLsN4_cH32HWbr9qg,5
Cute Fangs,UCPBarav9EolhCC30xmJ1Epg,5
Real Truth on Filipina and Philippines,UCCkq9dpbM_Z9MSjXsPuW7LA,5
Javierml,UCqEswF1uGhSqQyZfZ768pGw,5
MSA previously My Story Animated,UCYzEMRKqrh01-tauv7MYyVQ,5
Our Philippines' Adventures,UC4K-p09jBTGH-nvqj-UqELQ,5
Zane Travel,UCpsivHVNaBnIAPhkLBZcWQg,5
Jonas Tayaban,UCmgvp9rnjYoOQWnd1QQFCCQ,5
"See Forever - Secret to Living, Longer & Healthier",UCXV2neUSdYDZ7aE9JAY3OOQ,5
Building the Philippines with Wilma & Greg,UCBhnGs1nD_ixIGWkJUYkfRQ,5
Insanian Reacts,UCpl2ci4xK_08c5PCGOEt7yw,5
The Hutchinsons,UCYC6B6DMhDUTQQrwgD0CwOw,5
uniunicorn,UCGSPErEtUzPI4XIbU3fifiQ,5
3 stars and a sun,UCewharJXyf740yMFg9qNcbw,5
Hiubang Show,UCth6TQtLO5sOY-vjaeAfYBQ,5
Danno Cal Drawings,UCCuZ0r9pDMI8DwhtRV1fNhg,5
OPM Tagalog Music,UC49ACYnKFIZB3RBJ0682MMw,5
Roger&Ismi Vlogs,UCBGxoGo28ZLJpQMML7jBKhw,5
Japanese Shu channel,UCrOmnHUEWYsGia51g9QNG7g,5
Happiness Crossing,UC9jKcnqQ1TziJRAkSXbNISA,5
Mars & Tobi,UCnOeTSQY_YmjxeY12y0xOPQ,5
Emy & Johan in the Philippines,UC6I1pNKRkHzFQhjxH83uaQg,5
We Wander,UCqz1WM1LPEP_nkMMYeEyBVQ,5
Trending Ni Andres,UCiXAAaqS9py7TzHzQ9A5Ftg,5
Aoishi Shinumura | A'tinomy Gratis,UCF3NGV_0g8nNpvqM4-glqKQ,5
Marker 44,UC2V7XAqnvbIKmlox8FEMkvA,5
KPO TV,UCFcKArH0uUhFgkTcZiDW3Ig,5
Scavenger_120,UCngahNO3_iGbR5NTyzSrmjA,5
Hey Joe,UC3V5_2DFqamGSrzYPg-Wggw,5
Best Food Around The World,UC16kz8vocutCqYmEoZijW6w,5
Simple Street Interview,UCzx36kqBqXsl6kSEkpQbwCw,5
Travis ML,UCjtObLhkkocMU20PqmVtavg,5
The Rage and The Worst,UC6wVxQeATe3O2XaANCjWFGA,5
lucky doyun channel,UCYVEmKA1m5Y6TiErpVv1RnQ,5
Kumander Daot,UCOvLWcHoB4aujwiWKme_pFg,5
The Black Filipino TV,UCV34zLTn4A60jS8RTI96_sw,5
MobaZane,UCPxo5TPFF0YihBvqVWRfSYA,5
Juwonee,UCuWBv9w0mYhXv-I_1fSaYSA,5
BUBS & DOE,UC3N6Rrx3eTcJ4A5QRs2WRHw,5
Reaksyon ni GB,UCn6Bd94ALSqV_vaxA7M6blA,5
Military Combat Network,UCiSfjwYIGaLIHI7fHbyCpiw,5
Let's Meet Abroad,UCQXBq7djFA_xTSVgNGLJ0LQ,5
Combat Arms Channel,UCUB6A2YY9soreMGNwDLh-zw,5
Blatant Reviews,UCPG-kUxVpjZWFAJeCwS4cQw,4
Jun's Life in the Philippines,UC9HiNy95qeyWUarzHO9sk8A,4
AKOSI DOGIE,UC2LB3AyQ4q2rAk5x1HDDT0g,4
INTERVIEWS AROUND THE WORLD ,UCuQn8TDdvfdx6vtkvf3ZfeA,4
Filipina Petite,UCzLY1mM_li78EGhtDztNt8Q,4
Anthony & Ana,UC9RfFnZa7EPPkxb3hX32rFA,4
YouTube Movies,UCbP3Ho8dd1LrbROgg748XyA,4
YouTube Movies,UCLQbjaq1sI0nfLWbqi4C1Kw,4
YouTube Movies,UCeFH5kVa3__l4mnGPV47kPA,4
Chris Wang,UCXMhhPrd6R3riawJuEzVSkw,4
Travels to Freedom,UCc_tHsTZ4yGhv4tI2Fwl-ow,4
JUDY FLORES,UCCqW89kkbLYRK912SLPsEmw,4
Isaac & Andrea Vlogs,UC_YHP03qQytjAfBK6tFcnew,4
Belgian Make it Better,UCNHAs6ggBt0uTcys9Lx7veQ,4
Alex Oh Reacts,UC-wdvwNBuVobJRbISwjA5Hw,4
Inwook,UCeEZxtbcWUs4G6IzGGPNhwA,4
Solem Vlogs,UCzIA1qk2ICPT20VydqqAo8g,4
kelly,UCIgeYqubI5M8LoLCcZqwlpw,4
DJY,UCESmqqsRWsicB9yqXZ_w04w,4
Blessing Asemota React,UCM5PsLystlm5bVMk3kCA2DQ,4
Nozumi,UCjAT3VDWLoG-9NFQhCe_gow,4
AlixGrace ,UC1Vtf3OTZatknIne-a-5LKg,4
Rohit reaction ,UCwuEqFlIeT4UusonWCXMZ_Q,4
Rob Wanders,UC24QUYgHDRVPq-CqzDAXDcQ,4
Regular Guy,UCjW5n1CTxVxmYtX1l2TrMjw,4
The Wineding Down Podcast,UC0p8-e3hIdkP4F09hQc1Uow,4
Russian Pinoy ‚Äî Kuya Klim,UCCb-6a1Fakv4QzwC2c-3vAg,4
The Savvy Expat,UCFEylvc6CkOWSvZuP_vJv4w,4
Alphidia_Savala,UCenm2bbsCF5N8oRG4sjWmfA,4
THR3 FEAZ,UCfLh0xWsRhkr6_ZYFRpCYXQ,4
Village People Philippines,UCCAh-tDKBja88N59E-KwL3g,4
JSB PINAY VLOGS,UC211QaCtk9p37_-cvtN3kxg,4
A Better Life PH,UCps-DY2gS0h4fowXa92HQKw,4
AceBachelorCool,UCU78xbApo9_MCzS7B_tfY8w,4
R7 Tatsumaki,UCTg0Ue7PAI8ep3_ITQMqQcA,4
Island Life,UCfot-hD35IfUqXC9JXcVatg,4
Manifest With Jay ,UCg1O4q_4jXoNN3U_w-TtVVg,4
Autumn Van Ry,UCvvuvmBzcnRpfQDboWcpJWw,4
Kuya Mike,UCC6aF7bgIEBnMJC2rV4XOmg,4
Philippine Family Life With Leah,UCoNbjiMmQ3c8CdiHu-TaYKw,4
Steven Banamu,UCWk9ho4wXA43KZvxE58WSXg,4
The Chui Show,UCJX9p4c81NoZ4_TFME-yY6g,4
PRINCESS CHRISTY üíï,UC8lYYEeIHHY9sCTGik4s06g,4
DARLA,UCP50end1PCEhV4sWEygmQaQ,4
News5Everywhere,UCGEbMwiX774cseKvJqF9R2g,4
Owl of Asia ,UC4r6JBPiafpR2J7L_-KRM0Q,4
Avelovinit,UCoQWcwy-nYVG6Er9VxyxJJA,4
Mac n Teens,UCLwXLrLjw0bvnk1eGQBNJmg,4
MAICON NEVES,UCORVD9mPq8IBwDvu0B6_ViQ,4
Meljean Solon,UC6tfBpIVlXZehYg6mvV-qWg,4
Micos Brown,UCh0C6JD2DwkY9Jbhe2LCCKg,4
Casal Louco e Sonhador,UCA4GyKGfPWFjscpBSgDCh1g,4
JULIO REACT,UCgYx2v1zc-BKQBg0Q7V4xGw,4
Gracejon Filipina lifestyle ,UCWmjG_iL6dNUWTUtquYMLQA,4
Dillon McClure,UClnOJmWf3o_f6x-Q16rjorA,4
YouTube Movies,UCvA3GAB2wtYbCOTn4aFYX_w,4
Travel with Balnur,UC7A7na9vLPoBUKmpnAYFLew,4
angelina,UC3Bo_vNWEEIOHj4vR7_d8uw,4
Ammar,UCaFhs6xTFwNK8J8XGM6yRiQ,4
StarTalk Showbiz Authority,UCb9iY4lPCDLkVGl_jm4zriQ,4
Gosu General TV,UCqp8SDQ4WI77KEI7g4IZBfg,4
Jiaoying Summers,UC6tI7PwweyR3TQlsMTR1zWg,4
·•´·≠° K√£w√¶√¨√≠‚Äì√±√´k≈ì9 ·•´·≠°,UCV70R5lkhLuUgwrhWUfbsNw,4
Fil-American Made,UCQvZnhzOeb5FSGU--TZqt0Q,4
Livin La Vida Tagalog,UCONm3i2-__08mS14cU0rHPg,4
Star Abelar,UCCDotW9D0t8a2b-wpJtuvHg,4
Smash Japanese,UC5xYepDyTWLh7QVgouUaCpA,4
Philnews Ph,UCXLaplnfekQMfAyxECZfolg,4
Jackie in Philippines,UCL9u5oNnY_pRyzt-UaP5JuQ,4
Drew Durnil,UCPcABVoFfCK5gDfX0PY1KGg,4
Righteous Robot,UC5qFBTCSYO6Pc69bZk9CmfQ,4
Journey of Josh,UCeYkoGE0YuPrpTC0NLCwcNg,4
The Playroom Studio,UCqMy-fbfky74L_EgKlYXTDw,4
Young Park,UCQJk3uiE5_497p-zjNER77Q,4
Kristypata,UCXV-Jt3UPJPstvLVx6A1Z7Q,4
SB19VEVO,UC_d42bAA6Cb0XC3n-N-j60w,4
Filipino Ukrainian Couple,UCNQGvfJQi9_O4OkkJtPfTXg,4
Yuta Uchida / UTG,UCScSbGnIJOv_i-3Sm8Yb5Fw,4
Albert and Cynthia,UCWVIvqrVFchoKn7SNWNQCLw,4
MarkTianz TV,UCQT2cM6eF9Q4ViaAzxWSxKw,4
HORI7ON PH,UC8ox5YnSUPlm1q-_yiqxfCA,4
The Sovereign,UCoiOd5ziEyXy2WLdKVTNiIA,4
Nico Blitz,UCB8WyYjknn6apZL3HEuhxnQ,4
biggy travels,UCUk8aRBVog6G9ipBSN_Ow1g,4
esportstvid,UC615Ng78VDeJgETIfVnH8rw,4
Ryan Hale Shorts,UCKeHU0eCkf17RdeCHB45JMw,4
‚óì ·¥Ä ü·¥¢…™·¥Ö·¥Ä…¥_…™…¥·¥Ö·¥è…¥·¥ás…™·¥Ä,UCuZablyHnz3iR1ychaI_c3w,4
Marj Suarez,UCg44CBsWwZkKKLA8mA4tgUg,4
papah!,UCuqo67tPvKT_wua8tYUo38g,4
Adventure Faktory,UCATIycLIXMeetRVO-XS4p7g,4
Just Liz!,UCdXXJoFhTrAI4NzRnPdUQxw,4
Abeeha Fatima,UCZ3S5KaxMobISOxG9NNvFpA,4
Steve Yalo,UC3hNYaWQYd_kGo2rKAGQPYQ,4
Athena Pan,UChtRES48ZRHW1nTRIOL8omA,4
Adventures in America,UCyXSgGAZ1eBSri9-0lLnLLg,4
King Sloth,UCbbRENB2CSVSp3cYv1gAzJg,4
RiVerse Live,UCDpsIpLA8hAguHdHrprC-sA,4
Filipina and the Foreigner,UC17Jl7wAhdRU4Nbd-CO636w,3
fanny_video51,UC990V0wlxyg06P4T3nVXZzA,3
SecretLifeofLauren,UC7AB80x51RwhxZpJmIUQiZQ,3
Bowzer‚Äôs reaction Pit,UCD58HBLhMozUsE6JwK3y10g,3
Cousin Blaisee,UC96vBf9-fNyC5O8m8l_OKZg,3
Melanie Reacts,UC0iTpbJzi9n8Vj3tvPj9aAA,3
Small Town PH,UCvsg9Mg-C1cZ3VmuP-9et2w,3
James Bok,UCwM5tNdLcFiDwMplUUI3efg,3
Lazer dos cria,UCYLTF_WZRI117J8TGOOfrdA,3
Amazing Philippines,UC-jq_OD2e2xIcm5RdTrBcNg,3
Max Reaction,UCkGnjL3liLUAHfhAAljws3w,3
Gacha Czarina 08,UCBlv0_AQ1VrFEyZsAFEY-WQ,3
Î∞±Îã§ÎãàÏóò DANIEL BAEK,UC2v9vlHZFQyU_K5OkbUlrmQ,3
Pinoy Proud and Pride,UCilyWAYEBfQTJ9DhuVsh_NA,3
Netflix Philippines,UCEnaoRpbxiSbAhBkuvODGpw,3
Have You Ever Wondered ,UCOL1S-pRMl51fJ2V6ocljAA,3
Magic Studioz,UCVDibkjAbhel4ilMYL3-hxQ,3
Go with Flo,UCoqLzIVd0ojld7e9zxbFSgg,3
First We Feast,UCPD_bxCRGpmmeQcbe2kpPaA,3
Our Philippine Journey,UC_w5Uck2H8HDd1WgBuESB-w,3
BL Lover üè≥‚Äçüåà,UCaFcgopQe6kmZ3wDHgOyjdQ,3
Kenn Cordero,UCxAVp60rgKv6yNI-L0oxeWQ,3
PopUp Data,UCHrps7QPrVjDRIB67f9locw,3
Ije999 Reacts ,UCOtztOjWQPgzGaCdtArfWuw,3
Indian Reaction { ARSLAN },UCxTOjY6It9TWJwWbclmp5mg,3
RodVivKids Family Vlog Philippines üáµüá≠ ,UCdBpCFv_RTOOBrImOlPT97g,3
Ivana Alawi,UCypeLkg3Ne5-LIyiB41b1GQ,3
Yuru Philippines,UC3II306xUqkWJjTjQ39VMgw,3
Team CorGi,UC0EQSC9tQA40qM-x9bRj67A,3
DKR BATam & CATmimi REACT,UCQzMz-_0cAJ4E-4QsEcFGnA,3
japuanim,UCi2YIVOBghkAthEe8XsFbAg,3
JinLiaTV,UC1GTMB1_PJjh8ddEzQB8HPA,3
Pinoy Knows TV,UCJC6UiSrnyNXLAWv38rYXjg,3
KingSchratz,UCXuyB2hyb2rw9-Arn8fBAgw,3
Firstpost,UCz8QaiQxApLq8sLNcszYyJw,3
MAProductions,UCnf9YC7xupkbIZyVS3Q4zeQ,3
Ultimate Gacha Wolf PH,UC9F5_fWffejgUZixVyfwo1Q,3
Tom Yum Lechon,UCOr9UPB0Xw86Cic2lkW2ufQ,3
DKT,UCR1GryMfzpPxacdLcs12jvg,3
LaterTofuEats,UCye4j_cBvIj3GdIlkDZKOGw,3
Throga - Vocal Gym,UC01j-4Q2TUyppuhNJ7pnWdA,3
Gio in the Philippines,UClMlXTxpTNMZRE4AEjlc5RA,3
Filipina City Girl,UCLIOOZJfmGXGIY0GQWCHsAw,3
Cheat Day Around The World,UCDOuxZJhmfC69gX22nZ1loA,3
Mykoreandic,UC7QpulteHAxk4S1AASzCjvw,3
The Ahern Family,UCvIgYVKzRbxEBoxsSXoR8rw,3
RT TV,UCa9T0y46uK5FzJT-8tLBFeQ,3
Dream Team Neal,UCY_pzKuHEMsWcfzSDwvSU5A,3
Mike's Philippine Retirement,UChJZEuE4O45M6CbcYOS3U1w,3
Fun And Talk,UCP1TtgcChvhLL5aqxe45CPQ,3
Nellyslife,UCy9L3Ym1fZqmdaToxy9HsbQ,3
Ok What's Next,UCi9s1i9ws9CHukbga05vuDg,3
LOKAL RAPPER PH,UCcEy2BmQIV4dJQUw3FJGfZg,3
Timeout with Dami,UCe7op4W-6YKJOpsG9TOi2CA,3
Irene_Eneri,UC4ypznkS1QNOSTxLOScKG6A,3
Mommy Joy's Life,UCEDiHRbZ8GaEz36dWrneZdw,3
PinoyPolish Family,UCkVGwkKwVXBpg4hE7TL9dbg,3
The Philippines Truth,UCx_PF02mkBQ_rT8_fUfh5xw,3
GR6 EXPLODE,UCNUQK9mQoqi4yNXw2_Rj6SA,3
Team Amor,UCrvUGNVWWyrQmx6SeVxJ9nQ,3
Alpha F,UCaxaaz3CaYc8TN7crt_LvpA,3
Vaso and Mich Filipina Montenegrian couple,UCj-kwp1A_zHuKzGwvyGem4g,3
Vikachka & Eugene,UCX9TowVN7dt9OcrNq9idSSg,3
Chris Urbano,UCtOXruSampZT4DrPsnuz7AA,3
Juli√£o Cardoso,UCvwW997hUgPd--q1MVQgptw,3
CHACHII-CHAN,UCkQFtRC61tYJkBZg2PYAmog,3
Tim Troetschel,UCm3CG7lhRB0VkiefjhCCwZw,3
TeddyGreyOnStuff,UCI0Q26FJ67e9e_K-FRgBqRA,3
JohnReavesLive,UCbcBmBTMsbLxYv-rOyPiRWw,3
PAIR OF SOULS,UC3lpA2TVsu_2qKsPlw6FctQ,3
Yad Ventures,UC6_2wj3vR_j5EiqB-hZ7BUA,3
MomDuty,UCDZP2n7wrjSrFA8_KENuJ3Q,3
Pablo B Sanchez,UCpjLzP1jlV3s8tvIKKJZ1-w,3
Backpacking Gals,UCWFMGU8jwnfnkHOtWgCUmKA,3
Marco Roams,UCWkguf2p-KFU5uE7iXJuj5g,3
ViiBee React,UCiQilK6BrXtpEis6iuM92VQ,3
üåÜ ‚Ä¢ „Äå ùëÖùë¢ùëèùë¶√òùëìùëìùëñùë•ùëñùëéùëô._.ùê∂‚Ñéùëéùëõùë• „Äç „ÉÉ,UCIYu3AyIEVSE5Ur6iuCseJA,3
Timothy James,UCnKqPUUQOykTnuAR1n_ytuw,3
RYU VIDS,UChPdkJ37U3tlAnnM0MZhfXA,3
JJ's Journey,UCtNK-R1uX4hKBYU-GM54gHQ,3
Tagalog Time with Pat,UCR5h2liUa03_r2pS2MdH5bg,3
Millennial Legends,UCMuPgPrCACbIm9Fscs4TDvA,3
The Ash Family - Filipino-American Family,UCvmlV6FcxD9maTM_oPX-5Mg,3
binibining yena,UCgRGutE5Qv6rAAvoAtYFE6g,3
Music Hot,UCa2pFBgiwFvH9XNCasfxHiw,3
The YUH Family,UC2wTnMBvQ_TH0qn5rJl8hWQ,3
Just Moy,UCgNp8XV3QbtinxSRaGmlH6g,3
Craig in Asia,UCo57S0HBediNd47Ew5ezkzw,3
PhillyinthePhilippines,UCQzpQN0PTfIx1ARe7lL1jXQ,3
Field of Visions,UC7bjjCXpXx41KriftaL6Biw,3
Where Next Family,UCj6wN8aXupC_RVWBD-Mof7g,3
The Eaton Squad,UCilLiZH-IAFgKQ1A4mm9FZg,3
Jorden Tually,UC9hCQoT-VY7vVRaC62WJOJw,3
Ricki‚Äôs Kitchen,UCFodx4VDKNZIoRhuFbfAIfA,3
Allen Relevo,UC1LlKAwycO8TjYKJIQo2QZA,3
"KC Mahal on KCMahalTV, GSTV with Philippines Life",UCKLVNE8_lDKAKC3Ttn0mnyg,3
Lost and Jetlagged,UCxXBZJLc5qGH8xXqbviQ2hQ,3
Celinka Updates,UC_2iPQwn_V2SflddzbtalLg,3
Richard Cabile,UCgLmz4c_5lauhJChLDFybgg,3
Harry Jaggard,UC8fwExOkHg0_fX_XJcR31NA,3
Super Dave the Foodie Trucker,UCFwrnrSeSvaTdiLU1u2LE1A,3
On Tour With Dridgers #OTWD,UCHk-j6L93O3JrxhA87H0oWQ,3
C&N Podcast,UC4BLZTtlj1hasWQ1HqJ1ppQ,3
Kenny style,UCvFvKJVX-IZqht8rgNc3gNg,3
Danny Rayes,UCxB7jMnHekMzHsOl9iZpXrA,3
TRAILER CITY,UCM1LVD5a5509fzL-4khritA,3
DSReact,UCBW0DKGRqcpdU3gnAKlXhLA,3
The Wimmas,UCp4-ksiKbZ3vTmv3gQ6tF8w,3
FUNG BROS.,UC9avFXTdbSo5ATvzTRnAVFg,3
Fabian J,UCgV_i-XHrdvcOOeb613cXcw,3
Cowsep Mobile Legends,UCx9c2yaN404tcZx6ILLGWiw,3
A'tinPh_Mau ,UCKslMpcBF1-hhXtOZZ8iOLA,3
WeAreOcampo,UCgXQWI3jkQBn4PT1zvFK1QQ,3
"CebuWomen,com",UCAxCIp9ngVqLFSDtX5o4LXw,3
Rappler,UCdnZdQxYXnbN4uWJg96oGxw,3
One Couples Adventure,UCdpyOtHDfdsGpJY3BoK7MnQ,3
üçÑMushboomüçÑ,UCewzKsrjO0xH7GNQuMDD78Q,3
Robyn Kimberly,UCUI4T7riAxLPSV4htxMFLqw,3
All About Filipina Relationships,UCDSd4U2FQAB4XWgHMjoRrzg,3
Minami Kim,UCjRLSbICh4B8kc1HYmQzK0A,3
mamah!,UCGDcIpHhVp-UqN1hTNd-AQA,3
Filipina Wanderer,UCCiMwFoldFIVyqm2ExCHoWg,3
The Joint Base Podcast,UCe5wLGScEw2VUiDP-zdBzpw,3
Married2Travel,UCj2-ftAf2b4FSGoVvcF9VKQ,3
MJoy4Fun,UC7iWbxJXZmhLy8_xYzAjHgA,3
Smile Squad Comedy,UCi1ynaf3mWz-mgim7LvqjzQ,2
Sweetnotes Music Official,UChYac7BwqtY2d2MznVFVHvg,2
The Stepanov Family,UCpTCjuNOcqSyjvmu1sEES4w,2
Mickael Shimizu,UCqtjvd-UP_lcPX8D2ToDZOA,2
 OPM Channel ,UCwsqTMolm3mSpcQHQh2CJNA,2
Lil King,UCE3GGYHeyTyTWEYdltEeKTA,2
Buci Bonita,UC2xL9lM-JAxfDKdq6v1FOeQ,2
One React PH,UCZWDbOnu7B96T4_ERsKcbDA,2
rukia dagtan,UC7Kwbh0a4D4mJUfMYyaQnsQ,2
J O Y A H,UCGXQs_w4U4IOZYwEuh9DUlA,2
Soloista Ph,UCqqreHN9wUNdnVwybYP4W0w,2
Jay's Philippines,UCnhJnjWpUnBXw5U0bGStP8Q,2
Martin Avila,UCgpu8lYCxpiTxB8HIu3fwOQ,2
TOM And RUTH üáµüá≠ Adventures,UCDQ2M--Pc_L6kdZCDw7kjYw,2
Solomon Pisarich,UCDurjBKKC_nZ-0p_FoA1_HQ,2
Philippine  life with Janet,UCWgScb7sVo7b0lOEoptHQHQ,2
Every Man Has a Story,UCwVVQkHRtW14nqj5dh-QPgg,2
Overflow TV #InspireAndShare,UCZxWAedRNaokJl7OlYgv5jA,2
Coach Jarret,UCLgh8L9KCNwk-cNqWgO_j4Q,2
The Sound Of The Philippines - bellapuhon,UC5zl9CnWhbwUBbPaqsWeyGw,2
Wish 107.5,UCdfq8-581QVUtVsa8ChVnDQ,2
MICK AND JEAN'S LIFE IN THE PHILIPPINES,UCS4pn9XQULeUacclO0d7SmQ,2
TFC The Filipino Channel,UCD0vxQF1g6vwMDLtDqTz1SA,2
It‚Äôs Me,UCaNjRBHCKnvqWKM22wg0ItA,2
„ÄåYUKISHA_SEYOO„Äç,UCU8FP4y4bul5fZPnXSqHrKw,2
A Brit in the Philippines,UCegwghWDySliAEORgjaZqYA,2
Pinoy Showbiz News,UCgw8bGPRRb6BX9GTYlZLoFw,2
GMA  Network,UCKL5hAuzgFQsyrsQKgU0Qng,2
chatherine alex,UCVGkH1_CIfauwuHRDhdPqQA,2
Roaming Hogan,UCVfF2cBhyatGQc_BcjSZ-_Q,2
Island Media Asia,UCVBn2I55zk8ToyfbK-4l0EQ,2
jen!,UC2JUkXLai3HvvaA9kMZhAgw,2
KOCOWA TV,UCAqlxq4Bs9PjI86M9lM18TA,2
Isla Pamilya,UCRN5aoMVbZgaFrzqwUqMyWw,2
Totoo TV PH,UCIqsYnifTohuRqM1ij8CZRA,2
BOBBY'S ANGELS,UCfROmtFIX0dVDpJq1W98Cxg,2
Peach,UCSBrtrvZravZ-TGs_4LlO1g,2
American Foreigner,UCtA6aAfZDMu9KPFNFvYz18A,2
1997meggers,UC2bhD7AMh9a9uwz9_0JZZWw,2
Ting The Ordinary Filipina,UCvijIEndhzegAx4Ikivq3dQ,2
Van & Joe,UCJ_7NsTniv09HWWq2Ht_PZQ,2
INQUIRER.net,UCvRAX-ujvZ0eTMLGG2vki9w,2
Amir Malik,UCXA_2sDtNRf0vpNp_RZ3kqg,2
Revive Music,UCYXIviXPAaaaU_AOotpXTAw,2
NETS IN 6,UCkRnzQf_3nJMgyZQoVdZxpA,2
aeradits,UC2H2SMSG36AfDNYyJK0waNg,2
Buhay ni Tal - Living Filipino,UCkocmrlkySgOdt9RYamw6dQ,2
L3WG Reacts,UCfIOSIFur-qFToVKahB0A6w,2
Pinoy Gamers React,UCXX5ZeFTpjyNPdTdT8sqDlQ,2
A Foreigner and Filipina in Philippines,UCp-i_hdhMOQ8IbsGtuszEQg,2
OPM CLASSIC BEST SONGS,UCjGfnNcN2mNmrVvWwOdPAMQ,2
Mark Nowhereman,UCpP_KIeLQjugHtyWNp87BsQ,2
A Foreigner Escapes to the Philippines,UCDiZhoVoHJDx-R_LnfUxftw,2
_.ùòÖùòÜùòáùòÄüç∂,UCbVopsck2JnSOmkW0pvoqXw,2
FosteringMusic,UC8nzqHSHqZb7oLaG3YTqy-g,2
YouTube React - ytreact,UCY34lthm09Al2f6BULI3dkQ,2
FeVar T.V.,UCq64t8ZBRTIJ1eALNDH-RjQ,2
Pamilya Abilla,UC8rEUBRN_jolCH0MqEc2_HA,2
·¥ç·¥Ä…™ ü·¥Ä s·¥ä  ô·¥ú…¥·¥Ö·¥Ä-!‚úø,UCg6IU74qGBrYsLB3q8SDv-A,2
CorruptedKitsune,UC6k-25L3zChu75D9uYmfiHQ,2
GMA Public  Affairs,UCj5RwDivLksanrNvkW0FB4w,2
Eddie in USA,UCKqF_GzR6_g6m5v5JxgaX7g,2
Life as a Bilingual in the Philippines,UCBtoYkb6b5TYfrhUnxEGj4g,2
Just Jonny & Chloe,UCVR42zazbJZLL4r2Lo8PqRg,2
MARENG CUBANOY VLOG,UCtA9jjiIKnJBGVIOMTtVqqA,2
Phoenix Studio,UCXCcmKaB_pwWbop5LJM_kpA,2
Milaine‚Äôs Vlogs,UCfl8HJUPdCkX66bv9BDKT5g,2
Almost Polyglot,UC2dqBC-sMDS2d6RYlcihEmw,2
Yuki Japan (Binisaya ni Yuki),UC-mJgTt3Du5tZIfcCO3vX-Q,2
Entertainment News Portal,UC7eXEhp_3MZI_s1CoZBrJyA,2
Marshmallow milky,UCoDLVDw8bajmWQ2eLEJzNqg,2
lucas live br,UCia6oQqdV5kXk7aXf3gJsYw,2
‚Ä¢…™·¥õ·¥¢ ·¥Öx·¥†…™‚Ä¢,UCDPDfPtPRLCr7---uNbX3Hg,2
DW News,UCknLrEdhRCp1aegoMqRaCZg,2
Yaj,UCOXvT4rtztBIdT1P-QRsLCQ,2
zaikology,UC-0_V4naPnf3d1z1nCzb95Q,2
Gacha Life Empress,UCJbk_0tA1lLVI04nuUfgsPg,2
OPLOX TV,UC3i-WTPAoJuEx9r-6HCWvkQ,2
Kevin meets Chanel,UCf0MMnw0Qj-dxahBbmwLkHQ,2
itlog ng Pinoy üáµüá≠,UCkYDGQkPkOxOGSuQUdGJLVQ,2
T.A.G. Edits,UClw3V6PoW6a0ShTSnVSH6QQ,2
‚Ä¢ ùöÇùô∑ùöà ‚Ä¢,UCrlcSdUWNYvuFOk6S-3YXPA,2
Akina,UCYKRagH3Wh5SqY39EL8wRWw,2
Spizee,UCtM58H2QaTXTi7OIRAVgAGg,2
Reidy Ventures,UC8OLrmcJnZWAZpH8fpyEChg,2
Dr Laway,UC1Uvuror_cl9cRcl3h8QhSg,2
Nostalgic Songs,UCr56X8iN8CvP6qml1QaOMAg,2
MOVIEHOLIC,UCRHcpjAIeJpAVhnSaa_I2hQ,2
KarissaEats,UCamdvUq4-BoneYsHZt0Agrw,2
culturecebu,UCo-GWE9p5hK0iaMainUJ6wg,2
Finding Paradise,UCEScbJ_iUulVoAeHEAkpRLw,2
Crazy Filipina Love,UCooOp70lTrrOi4bqG531JOA,2
Fr. Jowel Jomarsus Gatus,UC-BiW9G1BsJV1pm7pA5zc2g,2
Kuya Alp,UC6uatVhsxPKbRVBuxF4NDtg,2
Cian Abion,UCTMd5fOTWCvvUzZJmU4u8sg,2
Maman Sudirman,UCVeI0cfcnZoIskW-cEyufMg,2
SmileyMe,UCQGgupdFQ6fNN8EWBL1TOXg,2
MJ at Virginia,UCU5Ax0Inw5uYq5P3tVVIwFg,2
Tagalog Hub,UCqvkWHEVZbFBM68OXxDNhkQ,2
Savory Stories,UC-ZBaZ53_4a9DU0HM0T2hyg,2
Awesome Lexi Vlogs,UCfIN99k3tNWHhpOvqetFWzg,2
RAikah,UCpT17zbToGANwa8hcwYeG_w,2
Anne Today,UC96SVjbFTRkUQ_wyeKBeN6g,2
Videolux Philippines,UCl3z7kQ9GlwAyAlwYgcOOmw,2
Blue / Japanese,UCGB0qhlQVYUISmj0oViXQ_w,2
Filipino British Couple,UCGXsS5BC_0EB7Qjx_jsEyWQ,2
Vincenzo's Plate,UCcsSowAamCLJv-xeF9geXoA,2
ÍßÅùë∞ùíïùíõ ùë±ùíôùíéùíÇùíäùíÑùíâùíÇ_097ÍßÇ,UCbRJEFYkMU1x5quyvjP0L0Q,2
ÍßÅ‚ô°œáŒπŒΩŒ±_œÅ–Ω‚ô°ÍßÇ,UCCdajzIqHasWDwIeyXbS5eg,2
Alexis' PINOY ENGLISH LESSONS ONLINE,UCmZKS6lYmSrUME5aUvKIDKg,2
A British Expat In The Philippines,UCAk9RQwVhfirnwxn_hKVBAA,2
Schnell Jordan Reactions,UCcEpD6eTjWQcm_nnnIgzfsA,2
More Travels w/ Drew Binsky,UC7xP-m9hfVmFqNLaKGgIlzA,2
AfterHours,UCnsV7K2rQYrADPVONhYnx3g,2
¬∞Its_Justine¬∞,UCI7m2KhDZXnV1RZrkEw3o-w,2
MLBB eSports,UCMncR-XXNXhMyJELEgCrHlg,2
Nephi Axe,UCzXlnLhH9pVf9EC4jU_VgrQ,2
Foreigngerms,UCk5qFPLPW8_ZdeYmgJqowlg,2
Glasses Kingdom,UCwvenK2H-fNo4uUE7SRJL9g,2
Urbanist: Exploring Cities,UCf_u5jxmnZhv3DaNswhPoVA,2
chaengtatts,UCEbGn4-f2x7UF796859QFmg,2
PurpleMochi,UCbGp7x9zWaKpX5huKA20QjA,2
Asian Drama Station,UCS5MbG00dzUDTEp6LXaIGYA,2
El Gato de las Weeekly üêà,UCE8moOr7XnyV9WVaa7RGf0w,2
Taglish Kulee,UCF3l_ACuhzW5QRn--37Tu7A,2
BOLJUG,UC6-T5O6sH1TW93lcEhbueMQ,2
Jamey Iris TALK TV ,UCjxrWUwmfgjv81R-ruHfB2w,2
Top 10 of Everything,UCX65YVbGZq5iQdZghk2-_EA,2
IFCGuam,UC-BKXdCFnPmTpljrxxYu7dQ,2
Hello Kiri,UCrZxPinzghT-Ry6NmOf81mw,2
Netflix K-Content,UCpiCK8c6PBktcxq7Az_t4RQ,2
Knox Hill,UC_62jYuKq0O-K66pjrK5jhQ,2
Sinema Filipino,UCeH7OWYyfgdpHDzYzQTA4Lw,2
Ira Joyce Sanchez,UCSvo854IR0oj9vZZ55o4LHA,2
Jeevan,UCuVEvEzDJORUxstVLfql4oA,2
Justin Roque,UCVa6ozIskHiTXeTBV4Z9SUw,2
Classic Songs,UC-BbHGSJdmh0iXbnfgzE9FA,2
Spencer & Kristy,UCravC7dPHG83M4LP4SYpXvg,2
MLBB INDONESIA,UCO-UDRlVzoRrHrzq-2sV_pA,2
Red Zone Mindanao,UCmlfCI87gCasxVQR1_Y_DqQ,2
RL  SHEIK,UCcjzBEWzeHbvyIY88MHMoAA,2
Joshi Santiago,UCd_e7PtLBcWocT4MvMuOwlw,2
boss rino,UCMyFYaVqUDcnsv2jUnRaNCQ,2
Filipina Life with Mia,UCnpnhxcQT-97-otlG4XUqCQ,2
Michael Sorensen,UCkCiyXd84sb42FdckKV0ylA,2
JESSEOGN,UCeOFPMK-i-eo-JdeNWHeCYQ,2
Antonius Agus Sirait Official,UC-Z31ZpHeyIPus-cYtFwOiQ,2
Anime - chan,UC6h-IgI3Dzx7nxCHaCfXl_g,2
Bite size Japanese,UCpxbboLySEHKTN1e9X_vpxA,2
EVN REAX,UC0lLKwsajj4Q1EA13ogAJRA,2
FALATUZETR√ä,UClTDRDn_pe6paLX05viZLyw,2
ALAN 5751,UC4bY8VfE_aLXKN8VUPYVu8Q,2
Japan_hime,UCHckqa3qWEvEj5lh5wOhT2w,2
Elisa and Rei üíó,UCrKlA-J0_yBO9YYaxUT7-mQ,2
U K I Y O . A R   T,UCHbnFR_XUlcMijyvwestkFg,2
I'm PopRice,UCN1fmQcURDJwYI0_zcHb1NA,2
Namastejuli,UC2gZh8iGgLI7xLkxaoMkKSg,2
MORRO DO CANTAGALO,UCLeZzPujf7wF5rvtV1NdjMw,2
"Jace, pumpwolfYT üéÉüê∫",UCChQ3JKPOy_cycV-PISh8jQ,2
FTGxtrbleYT ,UCL-fNRw9po7JpZqbC5XSUvQ,2
Hope Filipino Worship,UCp1gtDwiE8iZH9sCJ1aaPYw,2
The Joi,UCEkqKR-EDytWGuyjDEpYwAQ,2
ùêçùêéùêòùêÇùêáùêà ùêÖùêÄùêåùêàùêãùêò ùêàùêç ùêÇùêáùêàùêçùêÄ,UCRBl2r79LSWOpMh-ZeHWNTg,2
Jaw Travel,UCg4SAGqIufHHnOlSLRctwRg,2
Amiteefrost vlog,UCeAzO56L8g5T-vuJ0g819-g,2
Theresa Oyao,UCQyJ7yw-Y8-95m8e143KwiQ,2
S_BLAZE REACTS,UCLhAHoQP9JHzdhQEppbNA-A,2
Cherry Road,UC0Nr_aAgnVthiy8PJx_tNoQ,2
NotJeffandSonia ,UCXXlfcu-12obaE62wSEgazw,2
Illustrado Magazine,UC9YWmmRmSvug3HYYnq2dcqw,2
Rubeauti,UCoYVSCQ0BlM6s33p41gYjRA,2
Just For Laughs,UCqq3PZwp8Ob8_jN0esCunIw,2
Backstreet Gents,UCMDT70VfH_UhKO6i7fZXe8Q,2
ùíåùíäùíïùíïùíö&ùíîùíâùíÇùíìùíåùíö,UCu36inZKKSOsY9qdjMATygg,2
ANC 24/7,UCvi6hEzLM-Z_unKPSuuzKvg,2
Cav and Nicole,UCJXfUnmNgN9KLJMAkPa7jHw,2
YanaFromUkraine,UCS4r32U01R4vta9fc3Ca0kg,2
Passport Dude,UCVZOpEN0cQ_kh14wErI2sDw,2
UZUNO,UCqp39Bl6dlXyCy9J2FgDraA,2
ChinoAlphaWolf,UCghcBo-65tVRXyCdRp3LK6g,2
bossROD TV,UCkhKs9DE4vLE0xQd5C062Ow,2
DRHOBS,UC9oT9kTjh7_rcS0Ld9LOETw,2
Ella Patrice Fajardo,UCEhQEvar9m9divTBuwuTzXQ,2
Bret Maverick,UCSqcvKFWQhhQOiK4jxyEElQ,2
Tazzz N Philly,UCuMF9paEZU8RWv9YXd6-rlA,2
Isabella TW,UCLRQ45EG4GW6YAoaVnNpNRA,2
bored Ruky,UCSK2PJg8nhHnrQJ7kzvUj0Q,2
The Music Recording Network,UC5TtuPafJIA-EBjDbjiUoFg,2
Joel Hansen,UC_9I8ulL_v4SvsXwiVKlzqw,2
Featuring Big Brotha,UCU_S44_TIjz61VjYLbuWutQ,2
Amicy,UCKuprywRDf5gyhSg9Usqgdg,2
Arty Travels ,UCGY-wd-aiR8rHX1XaJXII3A,2
Gli and Erik,UCMWTQE8CQv5outBblPqa8tg,2
Zeta‚Äôs Momma and Dada,UC1WRWKFPce0M6elipGZ8eMg,2
Siobal D,UC5iqmxuLMWeWcXF5FtE_iZA,2
Brandon and Wila,UChSsQPO1BNzgvup-VcmUeow,2
Eoin and Aisling,UCIf4OAWnvOnJwoGrOuFu3xg,2
TheJavierLifestyle,UC0kn28AeYnmyMi4iAUIrgiQ,2
Kuya Devan,UCjuOgcseA2FOKP288WPwERw,2
USA to Philippines Life,UCWfAvyQaYPPfm3S0cTcbyag,2
Kumusta Philippines,UCdCcBT4F1nsVs46w3sG8Pjg,2
Tales of Odyssey,UCnIG77gLrKwxZ-j0YhmstcA,2
Just be free,UCV9l2OvfTRuRaCpewolcAww,2
G.O.T Games,UCEpGO4cx6j0PBc5LzkmtYdw,2
Pocket Films,UCWnTC8o8AycL6a2eRrKSdBg,2
Mariah and Bill,UCW0ulUd4BZY4k_vHqLFWTuw,2
Valkyrae,UCWxlUwW9BgGISaakjGM37aw,2
Mabuhay Life Adventures ,UCxGP9pIiALg9qxZ3Q5hgPIw,2
Alma Tassadduq TV,UCgGNPIUkWOe0eBNRL_lArLQ,2
GSM10,UCaEojWHVRqEG8JtPQOtKurA,2
OriginalHuman,UCQS5OIk3d_MokLtPPuy_HOQ,2
2 French in Manila,UCBEzIEPpJnkdiB3yZ8V3JRg,2
European Reacts,UCgPh12KkTIsZuM8lXxjwkPA,2
George Japan,UCFvhxOZvy7lao9N5IEFu4aw,2
BORBON TV,UCVhn39jQTNi4eryLqVmaB7Q,2
Pinoy Floyd üáµüá≠,UCsfUbIyotnXsKv9paUan0lQ,2
Ivana Perkovic ,UC3cQWF3e0qcIDEBzCzqp_SQ,2
Philippine Airlines,UCHXa8eT8o_wxQrzXTMaxYQQ,2
ariinbeijing,UCGHdJQXNge_Dv7i9mGBC1zg,2
Short King Vlogs ,UCTrAdQJ_Uyg5mbottTCZVPQ,2
Filipino Czech family,UC-0XZzV9y16bKIuWb4qWkCg,2
Lucas and Marcus,UCwD4x63A9KC7Si2RuSfg-SA,2
Adam & Yaz,UCi6FGUxJ0qELkA5Cpj8YpUQ,2
anerio,UCmMgc8uhRjCgr4DoAk5LOvw,2
The World According To Jason,UCYEjj738dusPO4hh2hLfLBQ,2
PinoyFreeCoder,UCFpZDxOMGzsx05epqfvmzbQ,2
‚òæ‡º∫ √¨tz_G√•l√§x√¨√°n_J.‡º∫‚òΩ,UCJNxB0VUSqqFFL4caRibmYA,2
IRL Media PH,UCJM37yOZ0nOBiS0HzBx3nmA,2
MiniminterClips,UCzfVmyl18x2TTaWp0d5rBNQ,2
KorPhil Lover,UCNjBwZD3GAU3ksFTBj4dFbg,2
Lisa Nguyen,UCJQVsC3XcvuRMRr-jD_kTPw,2
Randie tv,UCmVRUhVe7TZlO2OwJ1J2Zuw,2
Bandai Namco Entertainment America,UC_ntXHv-XdKCD7CPynVvnQw,2
Pirate Cove Philippines,UCUb_Ryp4MZHWnsTOVTA3txA,2
Global Talent World,UCWKuPZzOlGUDUT4GpIwJnhQ,2
Dinma Jane,UCKnhf4-AS6XeVJCsVGTtzMw,2
Jordan Melby Vlogs,UCJqFke5HEUbD1IXf0wzEqbg,2
Q M A,UCzGHLrxKX84ASFw4VtC0dWQ,2
FlavoursSix,UCmtXIhtRSszrRIMbrjB7Xsw,2
Russian Boy,UCTrp1gkrbzase5fzlAFGtPg,2
Emirates Loves Philippines,UC8qBrdamqYihT_xWo-zyo-A,2
Richards Infinity,UC6WCc8tJw_9zU9HZ9mNpmBw,2
Meagan Gill,UCqf-tisdSRYXbPb9LKhU_6w,2
Tim K,UCGyTJBom8TTHa9pc_VlZXfA,2
Ryan Was,UCmuqCD1-z48_-9KtDTHbQ5g,2
Captain Steve,UCtAkYahXNSJ8RVOil0O_Rnw,2
Jasmine Angeline,UCklTUzY9QlyZDbfuPM0eA2w,2
Charles & Alyssa Forever,UCWGcbY5JBzcUenFwl4A1eNw,2
Province Smile,UC8u9rhEMQ1dN4nUW9hLS21g,2
KaMangyan Vlogs Official,UC44SxOIVelJ7KjqmvJmde9A,2
Orig Explores,UCG41L6NlmIq1muzgoC_s9Kw,2
King Family Reacts,UCdF3Zbw_0Y4mSmpPbC7OlxQ,2
Rita and Pedro,UCxGWrltVGIR3kAK2VsEvc_Q,2
TK Top Travel,UCu2VsQol474IboUn1DHIoqA,2
The TyKo Fam,UCH084jZBDgYLedTTl8OXMKw,2
The Dutch Pinay Couple,UCjJHZ6CSsWJ71HkJKnLrqxg,2
Hashtag The Cannons,UCbZL-jnom9mBCqX2UeMcejA,2
POPKORN,UCuEd8gRMuOJKYAqCRfQoBKw,2
Wistl Family Adventures,UCGW5DXYdKZ4ULEdeAZn2AlQ,2
Christian Esguerra,UCbaLl2xCXotxwcNXI5GM-wQ,2
Laughs.Alatte,UCd_-mekZnESWsyw8uEyh8lg,2
bisayaaa,UCGXGZRHULlTZUZI7gs7VAng,2
Ride with Gabi,UCrYYlurQKzxeyabcqwSEYcQ,2
World Nomac Uncut,UCqNZ2sjaVxkaZ7GlAyaKlXQ,2
Steven Sushi 2,UCRdFo4dY8bxHitHktNAWDxQ,2
Oskar and Dan,UC56wC_xI1tobDsh0PhIG5Ow,2
Family Feud Philippines,UCKNLamB6VLwjjyHWQpQC2Gw,2
That Japanese Man Yuta,UCn7LyBvG5LEBXK9I4W5dGdA,2
Waffle Films,UCklOBv5MxG67iWZ3ydaTOrQ,2
World Friends,UC7QteRlErpm27bkZ6izFwKg,2
The Crowns Vlog,UCRE7r7IHtuDeiYcPXdUXaVw,2
Global Marissa,UCENHwjTptE-I6PTAmymYrLw,2
T HUBS 22,UCxKN5z9rc4DlZ-7gI7mHKFg,2
Warographics,UC9h8BDcXwkhZtnqoQJ7PggA,2
Fina's UK Family & Lifestyle,UCOeJBQGvDaEXQZSwTr_V2ow,2
Nephi Acaling,UCVdRiM-cMZEUBEYxV-cRKXg,2
RURUSAMA TV,UCalFWSVu4ODyVua9crUUIcA,2
Joy Renn,UC4mnI0eQmoRkMVEohqVWPsA,1
Old Songs Collection,UCT2enCZrehUlIctukID20MA,1
Imelda Papin'sFans,UCqgX46Bt0ZSxvrjrnXRFwRQ,1
Karolina Major,UCUF33-NJSyT9Ypst-mZ6pTQ,1
Myark‚Äôs Tv,UCXPx-C8wLQyxLfcfS3bP-qg,1
The Machin‚Äôs ,UCTMIF2cR0bzmS_9Tw5wflDA,1
KFDM YouTube,UCgBnR00ompNCZY_5fw2kFQA,1
Lauren Paley,UCGhqLwLRnxFhSwiQJYYyGaA,1
AJ Rafael,UC5i7OrdssGNx43VvbLUzGUw,1
Ethniku,UCocCrGYCnlrEtKJa7LVDr8g,1
Tito Florde & Galina,UC0AZyamqS_5D5gLJMRf4VTQ,1
Jay Chen,UCNppJwgHLB3qi4ne0HvwHQA,1
lstvuk,UCozoPnb1Fmk79QB8EFAlojQ,1
The Holy Bible - Ruel Hernandez Castillo,UCy-Ot6wM-htFvWlW10bHheg,1
Daichi Audios,UCbMVLuiHRGarDBGtzCeQPSA,1
The queens family,UCdr8Ndv-TIGott2v5z34nYQ,1
Ginang Lotus,UCvrdj_FGKMrQgcgVk7DKhIQ,1
Lakad PH,UCf0jd7goj4aOe6JApFKkV9g,1
danieldannl,UCGjty7RU0B0EtsyaE42UBTA,1
Adrian Kerr,UChU1G2up63RI_kUmr60bXLQ,1
Spudboys,UCSG2M8Mb77LgIFhFKYjsrdg,1
New OPM Music,UCGcGFjZTeTU1YNhQMZhf0bg,1
Jefferson Gregorio,UCjZ3KDeu14cpPc83hHBH4tg,1
Unplugged Traveler,UCEFnipbJQSjc8s6o7MoVdzw,1
The Traveling Chefs,UCIO4WpWfJ1Z29lwbr8IIDJA,1
Fraulein Girl,UCKnDmSGSyOy4EpsQgLFCeJw,1
Kenzie Borowski,UCZxEvRscRiPMGTE5xmhiHHg,1
Our Mindoro Journey,UCG3OssSp96btXKrebi-xCqQ,1
Filled Can,UCg9pBJ06QnhH0hUGgiE2Mvw,1
Mommy Fatty Vlog,UCT-S9mvLR6yJ_2xWqkrTyuQ,1
Ross Say Production,UC_PjvuEQOvaQ1nc87uTQ5kg,1
xyzki,UCjUTPCKehH3EV0TWvo1JG2A,1
Tagalog prayers and worship songs,UCtkOA1RYeq8AZGv-SDZOaLg,1
Davie504,UCgFvT6pUq9HLOvKBYERzXSQ,1
I Love K Stars,UCamDa67xAK4CFiRbEPknr-Q,1
Hiraya TV,UC92LeE3xb4nnNS-B15pEOnA,1
JCFRANYT,UCMGEttSiBp-FHcojumjTYvg,1
CHiNOY TV Online,UCP5rQHN_XSlAb2cL83V0BDA,1
Rich Watts ,UCeg2stf1S5whOBUBvCei9Ig,1
Central Philippine University TV News and Programs,UC2wN9gCvPEkYDrRal345zIg,1
divi Man kathDen,UC9vZCMEZMT3kJK1m1lEsuCg,1
Nutsy Nuts,UCJM6B6rQWGm4_S4zN5DTopg,1
Tiktok Pinas,UChgGwwkAVSasz-YcsSE8cDA,1
INDAY GARNET,UCTzNd0_N5w5IliW-kxEW_1g,1
Pinay Angel Tarot,UCYdsSO_YqrxCJcHS10gi2EA,1
Ellene Noire Reloaded,UC4sd6tm3Se_z1bMcyvUJYlw,1
Selfy Edz,UCKAvAzyMSG30Kss-uW51PFA,1
This Is Africa /Anthony Mbugua,UCWevbql1EyIolfny6rbRnoA,1
beautybitten,UCsUj_0NbWIUCgU-cPnxbAyA,1
Barry Contillo,UCNlSckykyaxYhMewaFHBqVg,1
Raul Camarena,UCd7ioa99LnjUlhbZb0iU6CA,1
POTG Plus,UCh7HBUMOBK-YtJ9v6Jtk6Ag,1
Unseen Battles,UC_jbaS5HGyZC7hLdMQyqihA,1
m0m0bubbles,UCy73Q9s50ivoDQB8R4bZeXA,1
Bibiboo TV,UCV8Y9JaojlqVhQdGhXmb4Ig,1
JohnRino Vlogs,UCoS0IEonp4tWt4x5Z7GKTFA,1
Top Videos Worldwide,UCvPb8Qic8ppZUiJiKqlsb5g,1
numutv,UC5OcTcR3EiW4oui7KFQiZMQ,1
Cherry DBG,UCBVs6_YXiK5boa2gtFcAd0A,1
VIVA Films,UCNP49xH_JCwxHIfKdN8dCQw,1
Queenie Qhane,UCV0JxS6L0v0B9pA3lgqLf2w,1
Nicaayloves,UC7b733TnJAy9wzqCvmx6qoA,1
HumanMeter,UCJQS8oMQhWqhbkhIsBBytcQ,1
primrose,UCQo3mhJvobiVEyc41pdWwJg,1
Aylah Lauzun,UC-LuyjMz1b-6akAWU2yei8A,1
JRocker Duds TV,UCGZU-z4Y09PzuPv9ULnaHqQ,1
Sairouz Yt,UC1xAo_Kn99U7xLr0T65fjuQ,1
Jaqueline Chan,UCXO8sXNUc0C-V8H-_V7plBg,1
Two Hungry Diners,UComjDJUFlBXdqgg5IMZo4AQ,1
Filipino movies,UCsJT7D00gdhV5Hsr2LhwWmA,1
Leizel x Allan,UCbe1oskjAEy81x7AVckblRA,1
DearANNIE in the Philippines ,UCHI-iUstW8JdEF9TQIMnx4A,1
Mizumi - Minecraft,UCj79bak15F3e0kVWh1PY8ww,1
SouravandJenni,UCoN0xtcqi4XoyFgQzlCF7dg,1
Big Joe - Cheap Travels,UC5_l7nnjDCYxwjpEGZB1HPQ,1
OPM Music,UCcTHmMkPS4lGSS2Sdmhj4Kw,1
My Views Tv,UCQWguYSlo-bCMpsRZ7ytuRA,1
Black Shirt Entertainment,UC4g34sHbWPAaFbTwHSkWVBw,1
ppoppo hae,UCXxiRtpxKFiq1AfkE9UTI2g,1
Dani Walker,UChcoFx6GPUGFxZEqlkbdFig,1
Lucile,UCJdLzKzBQIsY3IIsCxGS7EA,1
Jemimah Bautista,UCnYB4CEmOgq5U24Goc4BY9Q,1
Mobile Legends: Bang Bang,UCqmld-BIYME2i_ooRTo1EOg,1
Latte channel „ÄêJapan„Äë,UC186fcaodCelp-9fsKmfIFg,1
PINOY STORIES,UC443mI4bgAGlCAgO_TqiGjA,1
Radio Hits Music,UC0f4WJAjYdwl4XYHz-6FhyQ,1
Ernesto Quilban,UCw3KvNfqBZwlsPcNIGEt0Yg,1
Kim Kumi,UC86teVjhXgf-xQCetkFB4IQ,1
Life Vlogs and Reviews,UCVx2ZRMdyxUyWj88OgJuYkw,1
Viva Records,UCS09CkK8fjPJ_nHD6fcGMSw,1
Ibarra Music,UCuKfrS3u9ZgxxWCremkcoRg,1
Mark Caesar Palgan,UCO4Zn2Cn5A967UgYpGt-3zQ,1
Bruno Gabriel,UCcRr6Y51JbswL8hgtzpeSsA,1
OPM Tagalog Love Songs,UCRlaySn9K4Cn0qV-n5YhB1Q,1
REGGAE LOVE SONGS,UC0sc_qm2uhb_xjU6Xx3gE8w,1
Adam Mishan,UCfaAUEY_saRfRAzpxjhLitA,1
‚ÄúHALF‚Äù  Have a Little Faith Channel,UCCP8avVs-bakqdiXUSTVD7g,1
iewsn,UCkVbvOb9OFzJyHcXLVO1Iag,1
Macy Grace,UC8LUaXLdervdojSF9pRQNfg,1
Iankewks,UCrKMww4U-CZAP8_esD-APoA,1
Dough Fraizer,UC4wBPItKiVE2bVVBEF0MoEQ,1
shin7173,UCQlkyjVHPZmcDN3tPXZZfjA,1
Showbiz Philippines,UCS8b_WaLf3RgzbAZOv_Leog,1
Jie Ford Caminade,UCI1bfzcBR8YkpQUoWBeS0ZA,1
KidsPhlix - Tagalog Short Stories,UCtze8UP70GF0x1Ebwa0JoHg,1
DepEd TV - Official,UCwQhhYZDmqyNj9hjJ-xH0rw,1
jessica q,UCUN5bhs8op8hI2OAinqdOcw,1
CoolSlushie,UCJzWQBwWPDxeO8e3lQdLjlQ,1
Ronan Bryle,UCC0FPnDflOlPDwyqDw-miPg,1
Roaming Rebecca,UCnZpJrf46oi3r_g3nNacdog,1
Davao Korean Îã§Î∞îÏò§ ÏΩîÎ¶¨Ïïà,UCunP8nfrTtjZSeUemUTnUXw,1
"POPTV Pinas: Sine, Serye, Anime",UCXylm9JVPrbJAiJTTmvyLqQ,1
Sweet Love,UCw7QVby8210NmoXhEDYT3KA,1
Epoy Cruz,UC27cDz-NBrMK4Iq03up8nOA,1
Liili,UCs30eeR5vpE0Um1-Ia3CrOA,1
Train Lord,UCqGrdIaVWfuRd-ABj3NpEkg,1
BayaniWarrior,UCP9L90i2Gd8PK1I5bbMr9eA,1
Pinoy Pixie Tarot,UC4QfaToi4l7560-bETRT7yw,1
Markian,UC5ZEHzXLHIjOO84d_O7ebAg,1
China Insights,UCwjvvgGX6oby5mZ3gbDe8Ug,1
WOA - Filipino Fairy Tales,UCm2F7r3001I2YWxfQA91_Kw,1
Sara en Asia,UCgbYssZ0pdOpe_CBDxvPxEQ,1
Jesher and Nilasha,UC9z7VummEd3DJRef9vseyTQ,1
Hans Manikan,UCeZv-Pk2HHUfnN2qj5aDDiQ,1
Dark Asia with Megan,UCxCluSnDKJmDiamvRTArf5g,1
Candy_Cat,UCtlLYCDeiwSiKUHqQzQXFRw,1
cdnetvideos,UCvtVULplGoP932Ub-xZj19g,1
Emats,UC6TddznwiRD1KcqVJLqAjMw,1
ILTV Israel News,UCuxgEyMeaks7HS5gAw6Tt7w,1
KINGBROS MEDIA Channel,UCKyT-isrd3pr1w0Tg0e92xg,1
harry mendez,UCN3mT7JD5oS5ly8EkOK6cNQ,1
CHILL N RELAX,UCPdlfwIlArn5aExIOHjKvOQ,1
Learn Filipino with FilipinoPod101.com,UCEul3aIysbBBqaRaVDFKUrg,1
Danielle Adongo,UCvTy3VybEdwyXp15gQ3k8Sg,1
RoxyRocksTV,UCP-WX99XvwJ7QPzBAZJmHFw,1
Stella Aquino,UCw6xAx4rHtiqyXYScfHZKBA,1
jt4x4offroading,UCAYxl_0W4YzOYTuhmTZxSgQ,1
Love Marie Escudero,UCJdFejePA1O6fuKKwRqF6tg,1
Thoa Mashup,UCSKvW2cO4aCCUSYOiG81QRw,1
Chezikaa,UC7TO9F0io2g7C0DV1XXvddg,1
OPM Chill Mood ,UClXl9p0dMsVGtd1YNp3yyrg,1
Caleon Twins,UCDJMUQ5hdAxGYPz7yt4paNQ,1
itsJudysLife,UCK2ACorzpH-igxuHZ2ObCEA,1
Chicky Travels,UC8eC7wCZIol6of-2GPrRmoA,1
Cherglo Official,UCqpJiRu2Z0Cms-3_X7fyRPg,1
ILoveLanguages!,UCpJtpB6phQSmGYqXwHMoW3g,1
March Ferrer,UCAn0w31rso0RArYh9jWDcDg,1
Words and Music,UC2Vvl2iXFWWopaAoJYSwtyg,1
SoupTimmy,UCpp1GoykvTBuPiZt3FiFHjg,1
Hiray√° √êakil√¢ ,UC0C4htNrmdkz3xrdSfM27BA,1
Jai5k,UCZL99V6xOq70ig4op4kLwqA,1
Mike Grageda,UCSOsvK7oIjypr_cr4cwTzeQ,1
Trio Sisters,UCzmQ3YEoXxdQ2KVD_lUZlcg,1
Shanari MonVill,UCWNvtug3yVzzQHzHbF-konA,1
DON RUAYA,UCtmcADQaDj4xVNUUtWsw9dw,1
JJ Williamz ,UCQsyEeEJcVreCOtfqiJRnYg,1
ARALIN SA FILIPINO,UC_raHU9ehedh-a-OHXyq8jg,1
Patrick Bolton,UCZibHcivS_hob0ufgYTMO4w,1
kirakira,UCCHM6zMF4uy2JtGYoTkxYgg,1
Live the Philippines (with Always Be Changing),UCWO34xa0-qE8yKvRCF8Pjbw,1
MonSumi,UC4ZamBepyLhUiXgB7e9L5oA,1
Jeannie Mai,UCMgaOM7l42zhdcTWr6f6LCQ,1
Sancho & Morin,UCu6etShvzBNrHO6zJulkHKw,1
Kulasa For Life,UCxmWH0EFF045RhGVGChjeIA,1
Chou Tube,UChINnZxf73NfPqMPXM-uZsA,1
JPinoy Vlogs,UCvNzUU5CKfzosYs-bKXaqew,1
Project Nightfall,UCi2qHfRMVEI_yHH90gZBevQ,1
UNLOKT,UCsQMOWuo6AprxyiSXcilduQ,1
Maple and Stars,UC1AAiE4E1F88Y4JNiCdGTHA,1
FilipinoCupid,UCYu3s4iYrfk3jk8JsChMgmA,1
Oppa JiNo,UCCt5lICErDW11ZLe3DhDjAg,1
jundayo55,UCtZ6W97vUGAKza8G3qyfosg,1
Midnight Playlist.,UCDWhwv9kixsM5ZkNW-4ISyw,1
Krissy D,UC0TplBtelQ3KBGSlvvBEwgA,1
anaya mujeeb,UC60vbQ_3Ii6dLnHuz6wIgEw,1
Musa ASMR,UCJrSMYfC4RgkRgaZETyi7Xw,1
Sierra x Monyeh,UCK1e5woq-tXMw8IEJNM-3nQ,1
nomadstreet (the nomads),UCSVwQn-wl9gxYjMRXQ0I98A,1
Yuh biatch,UC3_BQt1U1nABJ1e5fH5UQgw,1
RonRon,UC60bsTxBmikziAERrnwl34g,1
Maverick Movies,UC2u3R3pjOiPZu4LtTlKkxdw,1
not so ordinary fangirl,UCgac_9KPkHFFrAWuYzahYIw,1
Puttaminivlog,UCqhGdnDYc9wzijgkBM8Vj8g,1
S.p adventure,UCgevwXWU37Z4BTpdVGk24aQ,1
toysplayzthis,UC5ybF8gQMR014Nv5WWwKMbQ,1
Sheimy,UC-eIl7_dimIEkEtXJaxF1Rw,1
VOICES IN MY HEAD,UCFNpDxKhl5-odhMO3AsR9Lg,1
American Halo-Halo Family,UCq1eLfQ-u94tiVlu0sy17Jw,1
Pablo Alarcon,UCFDdpa78H_USYoSZPAiI1UA,1
Real E Moto,UCiEfNq-m1Zep9UE117rkCjQ,1
Bars & Eira,UCajIYbUn8bhBMe3cF2R60Pw,1
Loly,UCCw6GuHdOYOjSvNaTnWZ1pA,1
Ïä§Ìè¨Ï∏†Î∂ÑÏÑù ÏóêÏù¥Ïä§,UCJm1G3Dia-gB-B_fsHfOmQg,1
Random 411,UC6X-bQtzaeJd_PN2YyTQjIw,1
David DiMuzio,UCUBYHxfhpoDKcel_aAm51wg,1
visibletoyou,UCvZSKA1tAVBmKJ1eSN4_DAQ,1
Acoustic Songs ,UCDxSheWsoUBDnNV07oRX-Ag,1
Justin Nizza,UCNKiNlUCiBwqWcRStCL82RQ,1
ferociouswitch,UCNMEyMJTJm9zf5YMcXDZQeg,1
Bela TV,UCzyjTSS_L1ttmOq-Zqc_Mrw,1
Ayn Bernos,UCd6xgpEzXWZuqKFmPIb4M5A,1
Pinoy Foodie,UCnR7p-ZKOdKQk8IBNOoLDeg,1
Gareth Leonard,UCheCB_ewJf_L2kTk0649ZDQ,1
domsago0,UCKnUVs0CDxJdp8ETw1S5rrw,1
LA with Dominie,UCP9KfpDQej4NQp98JIuHR5g,1
Rodel B. Saycon Vlogs,UCwrRp8fh95sFN2gs9ZRTpSw,1
Uncle Drew,UC46jS5C49TRoO3LPpb7bVeA,1
ENGR. SERAPHIM,UCzisr-iHSFOOSYbaRxH1ZDQ,1
Pattypatootie,UC_GvHjYNTKrmoVl-1DsGVow,1
Sa5m-Cam,UCAegLepM3n-fFvtp_5AYHkA,1
Foreign Love Mates,UCa0dgNh2htzwf_qZ9b_HRTg,1
INDAY MARIE VLOG!,UCWsScW9sLNFfjTzIVUSTUEQ,1
Omar Agamy,UCbmOgzvvDg60mXGm9t9Ad5Q,1
thatfoodiejeanette,UCPmh2SJ1zDLxHqthA0cvKVw,1
The Hutch Food Adventures,UCkcz0c-dkyZMyBl0Z5fzImg,1
BlogaPlay,UCMQoX2gLXhWHcnBCXd1eEiQ,1
I Love Music.,UCeDgScXbmrJPHStq_hZbaLg,1
COF Studios,UC2tlYRzkQOGs1y1TjbInakA,1
PHILLIPS FamBam Foodies,UCStn7-cff1F9dhV3obwTtPg,1
MUSIC POPULAR,UCy9xJxklu38nj7uZU0Xk87A,1
Mayan,UCCpwMIvqVrY8yVipH0Ih6pQ,1
ABS-CBN Star Music,UCIWZ1_W5BqsvW9fm1cYFPpQ,1
Dyosang Jossa,UC_NgfkSU3G32urXrP4oAjJg,1
Ac&Yuki,UC2A_nLvYmE4qW_vaijv-LQA,1
Jake UKRN,UClB90o7yNGv2JcrXTWHjkIw,1
STEPHEN JOHN CARL,UC97zyMPTaGphY9tBWEJJ9Kg,1
emmanV,UCnTfdBrVM-Tmo0kieDqnXzQ,1
AMIE AND ASTRID,UCEmTdDCEY6W6pnPddMD5P9w,1
Lucky Jazzy,UChzly5L6WqEkNX3tRdWtOjg,1
Nilly Cayaban,UCzF3NapTFg6a6Ky_LVrnzkA,1
Al Arabiya English,UCIZJ9a6P_nxCFJTmL0gh_IQ,1
Top 10 SocieTV,UCtPI-N9_hIGonFCtiCz3q9Q,1
Dhane,UCwLhdXz9gIA2Ope32OISLvw,1
EsJaySuarilla,UC3fhk3NDKDbSfhXR-lyQhIA,1
Naval Sodhi,UC3i7rQRBaSpx5fRHjRVEuPw,1
Pinoy Xmas,UCxT29_j88xlFopFctVh6V6A,1
sbsjimYT Altaccount,UC_t6XYDgGz5nMjU5T1_QHnA,1
Ryan Racela,UCr0YBVxpzEoH1wH_pCHl0IA,1
Tagalog Love Songs,UCeE-1xJiW39HxQ4UpZMR1KA,1
Edwin Razon,UCJ9XlYXgHhJmIWlkD6WGrxQ,1
Maaku Jhong,UC_-_s8YH3NGLjLJ0IGPMkhw,1
Don Cam,UCg0df4p2HTz4t_nF9tKZHOA,1
AKO AY PILIPINO OLD 4K MOVIES,UChLOEQwGcbcPG74vGNR1W1A,1
Romji,UC2AGTM2BvOp0y_Pd60EdATA,1
Travel With Marti,UCBThJekS8yp-V2Yybvezk-g,1
J. Alexis,UCOjO8Ac6qWla2s-0WTDRKaA,1
FoodieAhjventures,UCiXp2C-RYbCmiJVlKNC8qCg,1
Froggy-music,UCPMNNUWc0gvLDp_x0H9G5ew,1
JVR TV,UCYefzXQxTMqP___eg9MgQeg,1
Snack Saloon,UC5VD5fGB1mkR1pGShDKMrDw,1
Zumba Hits101,UC_O6moMsJdgZcc23EBDUUCQ,1
Travelosa PH üáµüá≠ ,UCcfTxmpUC1XaFbo9S3PkXrA,1
TNT Living,UCwmSQZBDNw9cOaWcgC23LdQ,1
Donald Mueca,UCC3VxKf7JlOGGxqetWNGG1A,1
Jayz,UCAUEpxPBWexlFVMmMtcv2Cw,1
TitSIR Alvin,UCd2b7u1qQ7Ym8vomxR_5Bqg,1
Our Backman Family,UC2nC0ytZw-Ye1yuGJZqbnEQ,1
Hawaii Food Reviews,UCqLAOGLV5sKbBEFPBJfy_bQ,1
Fox News,UCXIJgqnII2ZOINSWNOGFThA,1
VERY WANG,UCFaD-ne2hV0hIOKKjgTBSiw,1
Febbie Parentela,UCh4-aGnRHRGNRVat0r5M2pQ,1
iWantTFC,UCBShlKe5s0Z04tDm4-gXDeg,1
Yuuki Yamamoto,UCop9DWCr_rjUPVafwihnjug,1
Melly chi,UCt_OBcVzJb75owQruOFXh9Q,1
DOSE of Disbelief ,UCSYfdYooDhll__FC_-Li9cg,1
Pinoy Music Classic,UCdA-QIs0sM1GpPze7UlYIyg,1
Kape Break Studios,UCYSMSCjr51zY2kUdOOyNctA,1
Eat with Ginger & Spice,UC0_D-mV8y5jANKxiB5PVc5A,1
Pop Babies,UCuUUKbp11FA82LwjkG5qHbQ,1
Itz Caramelichu,UCdvPPoVMtFCSTrFGbhlBAdA,1
YJ Planet Music,UCPt7moYOzCdbbrz5C0sm1ow,1
Renzo Hoops,UC7PAjnHV9JBrTXN_LNTRElQ,1
CRUX,UC3prwMn9aU2z5Y158ZdGyyA,1
Nene Lifestyle,UCBHA6V0aHiVMne4kUo3N2pA,1
Peace Uzo,UC-HGD8vCOB6lswih3nDFaoQ,1
IvainTures,UCTDk8ztux_tzFFenrYaGN-g,1
kira d.,UC8ND59_mxfkbhGDcyC-ZgVg,1
Fun Times With Rayne,UCSYDZkrvjJg6mn-KQwBlJrQ,1
Hoy Tara! ,UCYCy8prsYhjMTh-rwln9Kmg,1
Ludwig,UCrPseYLGpNygVi34QpGNqpA,1
The Gress Family,UCJ4-rvAf2qZ40vdbFHEHsjg,1
Mike Glover Actual,UCc80w2gBc1lbalveNDF642g,1
Michael Angelo,UCH2f5s9TCbxNo6VHv5JiT0g,1
Siopao's Sports Park,UCe1-L4QKJvMhw6H088RsLog,1
Mixed Videos,UCp6qxMrELrj-MOelX6QkXxw,1
MixMoto Pinas,UCP6a-ceaJecpnTWUXwb9YDw,1
Agipio Iceo,UCTWlwz3LMLc1YwePRD2M1gA,1
HIPHOPPLAYA,UCfGuIKX_qYB3YVTg_bhGBwg,1
Roldan Castro,UC_0mu5KwQT1qVEMogLNSt_Q,1
SwadePH,UCIhkZOInCFO2b8t1TLQjNrQ,1
Mario Morales,UCXTO4TDWEkWia-IhzxBCgNg,1
Some random person,UC0Va1Z5nsAzw5ZRBjMxQNOQ,1
ElishaValeriaCH_Official,UCIKWihrJI_V9mN-3meSWFOA,1
Aquino Squad,UC-Lg6ZNa5vrPGvN3sf6VvVA,1
Daryl Ong Official,UCQ9bGeP0f-DLkJUf89wZgKQ,1
URBAN ROOSTERS BRASIL,UClouP-ce8kqgf5X2Txb6imQ,1
Aims Lopez,UCViM_5mDXYX3sPMvPt7QJ9g,1
Parbrahm Singh,UCA99nItLBFj_cOVeOuiT_aQ,1
{yEmmanuel},UCayw21zMKG9LDxDpLyfod3w,1
Saiyan Mage,UCIeJF7m6vPoVPSP9tNWPYHw,1
DannyMation,UCkx51_sRAHU79pQObXQ78ZA,1
LEX PLAYS,UC3jlGsei92EDFiIj8p0gh8A,1
dxwxt,UCaDacvTqt1kufdRNAaypl7A,1
JDB's Comments PRO FILIPINO,UC5PAFJ2vYMn1MiWQxQ7acIA,1
JoniGaming,UCziZD4FANhPWoQIE3f0u9AQ,1
Oliver Austria,UCHHYB05slIGQR5NT92EPr5g,1
bulpingpang,UCVGpJ19pOMMD-_Sk2ChfSqg,1
Wolfarmy2005,UCvnVbkJXs82zBLC4yxOXtXQ,1
Wonderlast Films,UCN3btecJIfHaAlYjUWDZjOg,1
Brown Rice TV,UCk3GvsEmx5OoBHpYIhFx-Yg,1
Monroe Mentor,UCSfuzu0hi2csAyElhFNxxcw,1
PH Tutoriais,UCzHVdOZqt5JfOAyP8v0yCXQ,1
jegie,UClM13EVda52NuvHaYgmvuTw,1
Aulia ZN,UCnPh0CjO4r-M6of7Tr3gUGQ,1
One PH,UCi-D5IxBR2HahDyfJfqy7jA,1
RRC Larrobis Tv,UCtugY59t6fjHJjaYy0zr2Lw,1
Asheru Gaming,UClx2x5NRz8X3caZeOzx_mgw,1
Andr√© Martin,UCfCiuc_JJrBEbGJsCoE8WOQ,1
Love Funk,UC9OMsuaqvGdF0MtK3gYYNkA,1
Desimpedidos,UCFjrDmEnxrG5TRGVO0TPHLA,1
React PH,UCsmD4zNNpSRbL64PpoIHAig,1
catinthesoup,UC3GX5NNQTTr0sy1m6SgGh2A,1
Mayan Chikka Updates,UCcUa7deofNoZMSppD_21-tg,1
de waw,UCaVW8yIN0KKOX9AdlN_j8AA,1
Beers & Bars,UCsv-VeXJ3Pkfgz4QboYk80A,1
dodsganda,UCM7vMEe1QXszR-y8YPRdfTw,1
namie ‚òÖ,UCDZ_ZmijVA2_amBo-tw0c9A,1
PEP TV,UCa8MtLLIPmmC4iUTDwQJSCQ,1
VEIGH,UC8Kf4sbOVvlgXAaBm8IaYKg,1
TrapLaudo - Topic,UCtmCrEox2P1-vx-02eqZvqA,1
FiFiZappaReacts,UCzdoHQmTJJiAMY7Pm3iUWrA,1
Christian Doronio,UCLGWv1sMLuBOMIy8WYu_FRQ,1
SebyFer,UChf4CbwHc7d3YxteyncnX3w,1
DRAGONPH Playzgames,UChAsjUK5_XVe_6QnxD6gjBg,1
PRINCELEETV PH,UCX1XfjUb2cL6yO9Oi6deefQ,1
Ramizeinn,UCaDasYq37YjwAJWsNGWYpdw,1
Unknow tiktok Ph,UCVGIh4EnAurvx9upbQ5gTJw,1
Anime Database PH,UCiPiGdDGDVfOSs62s7guysw,1
Jatie Vlogs,UCnM1ay_QoQOpa1N2iejLA7A,1
Makeupbypita,UC1WC6m1T7gEs-k_0ozpFQ3Q,1
Christian Nicdao,UC2ulIsuzs9ojV9ZveBZrp7A,1
Nicoole mendoza,UC3FFJJ3Gw3Nlgo9V-4h-0RA,1
Revil,UCWwto_qE1ZeGl2mXNaUoa2g,1
OverReact HUB,UCuu_KzZPeqoxPiHNrttiDPg,1
Learn Practically,UCAz8vFv9BWwFYLCvCqjTeOA,1
John Oabel,UCbK0-4TZWo3fn5HFusZY2MA,1
SENRAX,UC3500Cq4RSMz67BrdiCJfoA,1
SHOWBIZ REACT PH,UCuM1WazCStj4Baj1HTBLVZQ,1
Igorot Vlogs,UC7dBa7a3DXwTBCSwrgpNjoQ,1
Aulie Secerio,UC561e7wqjr2SrS8Jo0zbKUg,1
Iago Zt,UC9ET52J0BrIWugzL5PmEp6A,1
Riss & Quan,UCEgJCCqAuurk-tSvrIUs-pg,1
Timeless Jaydz,UC9blPd21pWxLTRizJBWbswQ,1
The Broders Clips,UCu_e1uBc2t5mhozzvyegHtQ,1
ICTV PH,UCyslIzJtFESZjKhmiB5lHkg,1
Screamer Supreme,UCIbvo6Vr3_kLvaoKo2E-8JQ,1
Margie Francisco,UCawC66Kv2oUUl4GafUka_qw,1
Samuel Lucero,UCM_3Orxe-uwq9p0WZSSIn5A,1
Zeyra PH,UCbnD8DGBjzfx7b0hKqyT-3A,1
COACH OLI NEWS PH,UCTLT6rtTm3eOt3UUdXaVmLw,1
Guava Juice,UCMNmwqCtCSpftrbvR3KkHDA,1
INSPI GAMING,UCqcPmyNeEsdctCDkXg3R-Kg,1
Pndxx,UCqMgkDKzyb9f50MkTAkomgw,1
Marco Cantimbuhan,UC3foDPPeOph4QhksC0j-6jQ,1
Luke Damant Unfiltered,UCW4L-djcP2Uy6WylDlbgZug,1
‚Ä¢~Bloom Rosie~‚Ä¢,UCUfTW-3iKX5S-5_RO181aEA,1
Shady Mobile,UCxauWNccOTpsQZRyXvGrEiw,1
James Calacsan,UCktULLw_OynLcXA3aH7ICNA,1
MB Barrete,UCtLbzR16vVMIoxPjCsrCHEA,1
Buzzer Tv,UC7OywFK3m_s7PTLvaHKi5VA,1
Filipino-Korean Unni,UCIfGiRQR6z0TVS03be4kvhw,1
Its_Me,UC9hufNcrFUQsByil6k6FsFA,1
No Name Podcast,UC-POIdd0j8Ho96_6jIMyvAw,1
We Said That,UC8bdSMhb1NsdgFG449Cb05Q,1
lxsynvnnie,UCUTMCzyyCKmGT4B3ICerzog,1
ùêæùëúùëñ Ÿ≠ ü•ã,UCWDOSP5jn_DKk-DvLYQi8Ew,1
Dan Alexandrov,UCZCMPuY9tJSXrWW12EyO99A,1
Yazik Reacts,UC_9tlfrg7umZRU5HHGrBDbQ,1
Addicted_shorts,UCDvybSMffAY5iMm7kNTw_ow,1
Elite Cameraman,UCuevnMrjieAbucLl46gTW9w,1
Kerwin Adan,UCKB-hV-OpP96oNRS8O7v0Zg,1
TerrenceJr,UCju_HuzKeD3oBO_EYLvPNmA,1
Riri,UCgoIsebemBHzAy7WHb88LJg,1
WCPO 9,UCQaDjAIpg-pd44ats-HXCyA,1
About Sastra,UCuVrHuOfBaZlDeVjY1XSmyw,1
Dusank,UCDhDPmNKQZ_TI3sdATKhWIg,1
Lazy s·¥õ·¥Ä Ä„Ç∑Ô∏é,UCeRTJhdWJY604ptkhBxHtzw,1
Countryhumans React to,UC4liU5YQrXDOOqeSnOCp3bA,1
Mother Road,UCXaru5ChPJ5uTPEXNAHeiYw,1
Milo.Candyüíñüíñ,UCIEjbtCCHgUqNvJszTApdMg,1
Anh Th∆∞ Nguy·ªÖn,UCHIfk-dJeMK6UQoz2AlQlRg,1
Vlogging Chipmunks,UCBRUgrUVTKfZR1k8dH6xYGA,1
delulu_kfan,UCQNYnvnxJ3oNWUfbrexZKJw,1
Bob Reyes,UC55Y_JPbcL9PYEAzhcc2jMg,1
LA Abadilla,UCgF7umsRzsBThiezfcfJ7iw,1
FatNinjas,UCxKs5laPUyagmyaKFtogb3Q,1
Cead Reacts,UCg6R-iV1nnmdFSKKWezcKRw,1
EntertainmentPH,UCzti6rxP2gWtBC3C6-tZnrw,1
HIJRsings,UCnc8Rhu3hcyUv5RG6ItfvNQ,1
Queenie Urbane,UC20YUBz76uQ8HIeIrbHY6Jw,1
RAYMOND LO on YouTube,UCmcNpppdIKQEGPkyoEtkZGA,1
Hong Vlog TV,UCQWvcx6unzV9trCxOalSXAg,1
Andrew Does,UCYnw-WsdZrIYqRrTmgKxxBA,1
Kota G,UCW4Os-SJrobbTFGT8ye-y4A,1
MDSyaf,UCEGmVnoKMRUcFMBmgUdExjw,1
TheBigBoyz Animations,UCwL6Z_Jzmdjk7p5ju9mxpxw,1
The South African Reactors Space,UCYirUBmIean-S-hE-CVX2Gw,1
Haku Japanese Reaction,UCRyI-sJuyWgscMc76fIDL0Q,1
Cod X Neptunia üíô,UCOLxIvKxJ-MkLjMPcK9peXQ,1
Topher Reacts,UCYf0G0LSyBSU_ay65vY5FQw,1
OkayRickk,UCek3Of4VBfZgLw-LOgRga6g,1
Witty Bonita,UCc2DOTc9JimF8MW_HOPaHLQ,1
Yahbnf,UC55qmuGlUctl9RvGodzoZHw,1
‚Ä¢ùë∑ùíñùíëùíñùíï_ùüéùüë‚Ä¢,UCk4zmBFEeHxYSNX_7SwRC6A,1
Master Arcanine,UCHVOL2Q5fUUC5ZOHhrRs_6Q,1
Geographyify,UC2sLtDxcntvFq2ARAVoprLg,1
Drizzay Reacts,UC9fdNLbr4kgGTZh3fuK9viQ,1
Ren_,UCTEQuIbwqfCxDYRc0tRAuBQ,1
Mhajer,UCOZNXVUGRXvZdchNAlNzHng,1
‚Ä¢Michiko Aimi‚Ä¢,UCqhGH6fM25MwENSL3Tni-Aw,1
gus1thego,UCox0J-pkaXUkAbU3JdZhadg,1
JinHo Bae,UCknt1O9GSNLSTZTvubE3hSg,1
MoreJps,UC114Itif9J1npupWFp2oGSA,1
|| ‚Ä¢ ayame!!,UCdJhx4Xp-_Y-BPYLk7liqOw,1
Couples Journal with Allie & Ethan,UClNxKuR_mENRCv0ebIMY9yA,1
The Beesleys,UC41p2vjTkRHsriE9544tsTg,1
VALORANT - Philippines,UCtXnX-KO1uDvHfDM99e-Ijw,1
Steph & Kayls,UCwNKtxcyR1nioinvQtqPd3Q,1
*Lorna playz*,UC525RF3CYpQk77KcsdR1XMQ,1
Woove,UCFs3mMEM0W48DrOOGXiKaeQ,1
Little Sophie Bear,UCiFmaULFPJ3TFk7oQGfdbXA,1
Pinoy Memes,UCj0arYJRkl6twyLCpyrlyCQ,1
Mimaa Alicia Comments,UCbORaNPtki81XpK_KiYlObA,1
SISQO TV,UC6gy43Aw0bmwaBN6L63WfjQ,1
Christopher channel official,UCYdWJIxIUdJxPeU7MJL3kRQ,1
Mark Lister Opana,UC3MzPm5JGuGgpJntHpK05pw,1
L I N_X Y,UCIwNe4ug9qE2ii5frrCURCQ,1
Rei ran ‚Ä¢ „É¨„Ç§,UCTN3u3AVmVA0GezVDt3hMrg,1
Amettion,UCDmpdpNjhkVi9o7AnGl9fHQ,1
Speedy Boykins,UCd09ztChTkJ9dlY6RLawSog,1
Riot Reacts ,UCjVtsQxGaiLsPr3cfZlek2Q,1
dalandan,UCgnNSXyztjxuhimlHDi5--g,1
Daimo Zone,UCsrPkTgC3Kwwr5OugcJ0O2w,1
ballsofearth,UCUzAczCHLkamveIfpY1bCxw,1
Jonny X,UChF_b-n2velNwP9B9iF5s-g,1
seek,UCb8UwbEfeLHKdY5WgQJtwGA,1
Y & A Reacts,UCnBu5giLj75k3P-a1Vtn8Iw,1
Jack & James Channel,UCgZ8oGIy5y8OipQglIhjT7Q,1
aline mc,UCvi73wUtEs4-Nqq1_9jjtCA,1
Dem and Ika,UCuqFOt-Zf1C2yQ96bjk7N0g,1
Mergim Vlogs,UClpFoy_ZPykeYFArJ24CSVA,1
KyreL,UCrkOhHf6K623j7V1erJoNUw,1
Indian foodie in Philippines ,UCzU8pdRA8j4zfRhkMm5Uqcw,1
¬∞Amar√Æs_Ash√Æka¬∞,UC1kyErmb4QTy8GcenzRk_AA,1
Cassie & Kat,UCN03keenkJr9Q_0udUlw-Jw,1
Baeyahero,UCITWZPdxqJGYHLZBYgaaozA,1
Fanum Live,UCP45EebTGl1ISj2DX33A2Rg,1
chrstne,UCLFcISm5WMHY9DyvqPLIrkA,1
No Lost Traditions,UCZC5eoLV900s8ticLdyAGig,1
With Me JAPAN,UCHVNfGkOdfD4CNh0sQeuggA,1
Beatriz Virto,UCUgDRBGFehOMBwQqE_tXbwQ,1
Leo & Elisa,UCWpEks7KTJwnzq86ZGfL4ug,1
Greenie_Kitsüíöüíô,UCZsFMA6TIRTil3X7kK-xuvA,1
Prettyksky,UC_w09f3q95G6yhwyoto1GMA,1
David_gg298,UCOWTHYJzoRFehaUrjVum7hg,1
ronamaerogers,UCN5V3eBZ0aqRmncrA019fOQ,1
Jake and Tiff,UCkM-sCrN8-7-pMiqeTlNMNg,1
Jessa,UClaqk-_smQXzQGY2uUva7rQ,1
Saturday FATurday,UCA0CO10c3DdInYT7_HsyzmQ,1
One Sports,UCXDG9ue-emCN8Ad3h7lERqQ,1
Maria,UCvwtVjCKPKst4bHcP9_nrYw,1
Kristian PH,UCsQ81wsggLv84uKENeatBMw,1
shed,UCdt2zF-T5Dr3ubEBpYXxU5w,1
Ginna - Broken Boots Travel,UCl40079ENn2dxaDBPlddnaQ,1
Jessica Paola Grey,UCBGcRawfBoWen3a1UMngNyA,1
Kkk TV,UCjSgzULrPioInszbuvNRSzw,1
Mikey Bustos Vlogs,UCBOd5KMWdkVPc70RWw5GmbA,1
Alice e Gustavo,UC4jjFGYCv-HcExGJbAOrxxg,1
Camille Co,UCKlnpdxqDDmV_C6l0eP065g,1
Bukas vlogs ,UCqTCfhIHJw2kNHSb1ISy2aA,1
Kalbo In Philippines ,UCxR_hMCQshzlO8EJdIGR8aw,1
Mama Lanlan Vlogs,UCtwV4KQk9UwKoq9JppUORrw,1
MC PH,UCGHXSFYTbncTawI5I0-O3uw,1
Sha Nacino TV,UC-bKpj_Xv6k5ftg-vbzkBSw,1
VERSATIL,UCn7_BRA5Nq_mQmh20G7_bew,1
Joe n Cris in USA! üá±üá∑ (kano joe),UCs7bpjkG2K2Ubs2mBV1ckBg,1
Phillip Q Vu,UCtDxlEsiIM4PSawQX1DKPlw,1
Lennardy,UCu0GjUTfvov73bAhS-Jn2rw,1
Shadow_Hellhound_Gacha_Wolf,UCLJvcrOKM9EjBpjpB-N2FgA,1
januslog,UCgpqjwVYXZd3huCh52hCkYA,1
Cycling Around The World (ÏûêÏ†ÑÍ±∞ ÏÑ∏Í≥ÑÏó¨Ìñâ),UCy8qWWNwQv6Y3XaR9dVPmRw,1
Ïä§ÌÉÄÌîåÎü¨Ïä§ STAR PLUS,UCQyxOz9CAWelhRbXYdKaWqA,1
Angela Benitez,UCyk2CjYbbC9LXrrrxB0GlBQ,1
CK17,UCE-kfxSGG2_19jCIq3Y30ew,1
Hans Alcanzare,UCPwZ343e83-2141Gjq-VBxA,1
DataHive,UCT_t8-ZC8rngLu-oG0izzVQ,1
AveeryGames,UCNmc8cnQ627pg_qs8BxAOrw,1
Harry Clean TV,UC-9zh2jfdKFexhw9cXYKfcA,1
ÂΩ°:BÍíí≈™E:ÂΩ°,UClzgpPAQ42SG_pLR5yWtN7A,1
Josiah Eats,UCyGPFj_bj32OD-DyuKr0pbQ,1
Lolz for life,UC0X5kKrX3sc2jiG1guNJR9Q,1
soundlyawake,UC8Zq_MdYiTfFPVa9nyRdJYQ,1
Reactistan,UCWGmhDFi3fB5DA1nuVRsPIQ,1
Ryozen Reed Ch. VTuber,UCe_ErhlN5KDESKGKuAWo_0g,1
Jamesons Travels,UC-N44TadAniwC7v8Zj858nQ,1
Just us - EXPLORE,UCPegsrGgMwYF6CkS-4PNppA,1
Hungry Simona,UCQDCGT_ntzBMj1KaX_gW2ug,1
Joshua Weissman,UChBEbMKI1eCcejTtmI32UEw,1
Feature Friday Clips,UC33ksI7w0wT4KoJt_nMehqg,1
Molly Jiang,UCIf0L5C4ZwAUdbVAlbmdtHQ,1
Chew On It,UCSFP2r28q0I2OtD69Wx2cdw,1
Young STAR,UC4mByToonOYr7XOBLdRrI5Q,1
IWANTREACTIONS,UCpYrmHs7KzGLLYRnsf7gPgg,1
Piotur,UCh79Ytjpg-cIEukkAe8MABg,1
sassja,UCHu4bigBnBA_4rVsih9Q4Iw,1
‚Ä¢ peni ‚Ä¢,UCxom7ZlcX_PgjLFOCXvRuvg,1
Answer the Internet,UCC8Vl5zMRFkqE1daH2Zxalw,1
Tiana Reacts,UC5AsVTllb67EX0GeAPz-F6Q,1
Stan SB19,UCg0QidX233L33LT5FuI0FQw,1
Experience Africa With Harry,UCoNg2-1ePxKinnLwjknE3qg,1
GachaJack,UCeBziVvAziRVtMm17c1ny5A,1
Foodie Meats Food,UC8Aw6SdlOA_rAeRKZtJgxWw,1
HugKnucklesTV,UCfSwaUmVT3JHgTmbSbWh4cA,1
Tracy & Colin - The Foodies,UC9B3ADBLJCSb-WFWE8ydtoQ,1
-‡≠®‡≠ß„ÄåLazova-chan„Äç‡≠®‡≠ß -,UCHmm3yTD5kIyJnB3wxI_CNA,1
ConmanField TH,UC3cjo_jacxTF9NlX-JlwLug,1
Dale Travels,UCSaKRfx7qC_Tys_U9rFev0g,1
Zizi Reacts,UCskd4omN5tl6_i84j3KJCsQ,1
GRRRLTRAVELER | Christine Kaaloa,UCokvlHFyLfpWrgSuZW9uA5Q,1
Travis Cole ,UC2n-7lDkRK6sQhGAK2TkWWw,1
Pambansang Kolokoy,UCxLc7Gg4m2t7VGF6Ghm_UjA,1
Rockstar Eater,UCegDP5GpIrMfSXZlePFtitA,1
Ify maey,UCAd_u4u9iTl-Szo834Oro3A,1
BAMETV,UCuiRrMS1TvpIJroklplt8gw,1
Our AmeriPhil Life - Kyle & Prex,UC8DXSH_b10glPt4E2WNItkw,1
‚Ä¢LittleKiwi‚Ä¢,UCMylo7dkW6USt5EOnTFySPA,1
ICY and the ph squad,UC8DScK_-6g6Me5-XafgDtsA,1
‚Ä¢Aphie_Potato‚Ä¢,UCJZIeCCEBP5Gk3cOYdmNhbg,1
Pinoy in Dubai,UC5zSpgz9clwRq0xXE2HF8Yg,1
Marlo Maliglig,UCCnpJgNEczfE8dvdZ1qTJ3A,1
The Black Vato,UCXnjCKqBovLz3n5Bon6Ktmw,1
Hcg Institute,UCwZv0r_DwsT9FiuPm5ZtkWQ,1
ZikaFunkProducao,UCR-SHmFY0FpheDi9Q60Tx1A,1
KermitKebab,UCErdqh43ATSo5-hyJHgCu5A,1
The Tide,UCFOKkQxE7-HJ4l-WN1radfA,1
Canal KondZilla,UCffDXn7ycAzwL2LDlbyWOTw,1
Kana Boboy,UCrKcR8LtpHIQJYcEnPBeysg,1
‚Ä¢ ·Øæ ùë≤ùíäùíéùíä íäπÔ∏éÔ∏éÔ∏é ‚Ä¢,UCaEiLCMx2f9Wmb3Mnkj0vRQ,1
More Nikocado,UCM5v93rV1sazitUpB47hVrA,1
Jemarich Arellano,UCUbv5Oxx28q1w5JJsa129WQ,1
Oura Gaming,UCirWugW5e03u3DUGA87s58A,1
J Brando,UCBNKUrXkohWLjc4omeCsMUg,1
TidaMc,UCo-0BZyG8s_vLHghktX0t2g,1
PH Reacts,UCkidDJAop4869jHdeA6aYZw,1
Girl vs Globe,UCz2LI2_XL-qi0EtdvhS0X7g,1
Xxùïüùï†ùï†ùïì_ùï°ùï£ùï†ùï¶ùïï_ùï°ùï£ùïñùïûùïöùï¶ùïûxX,UCrwDWtRswmzcb_25aixzmAw,1
BrandonKent Everything,UCU_scVgSTMPeKIXrl6F9vAw,1
ZEkilled,UCXscyPOmKPotwcfqYGyqxiQ,1
Jazzi Manalo,UCPJjmvysA-NRlJ3yemlBVkw,1
Cloutom,UCWeqRSPFvAxebBj24PpDbaw,1
‚òÜPendyisnothere‚òÜ,UCiuCNIkmkS1Lg62X5QGJhvg,1
Carlo and Sarah,UCKJVF9o5PeYGEo1Y0LHJmFg,1
Lindsay Stewart,UCyoVmDwTycBu9vpmHdbjjIA,1
Trinity Jae,UC1r65XY4519PJakw1Q0thNA,1
Sparkz On The Go,UCgT15rmnbeIbSZoYipbsLxg,1
Bombastic edits ,UC7Pqoyfi8PkYKdalG0Pk6FA,1
we are mit√∫,UCaemYNcQbzuQKJu6BnxgmxA,1
Dexter's Adventure,UCZ_9d4d8x-qnzrDDgLZHyUQ,1
Snega,UCllCUyUEGDf0YbeqaxffDJQ,1
DONNEL Buenaventura,UCIbyeIz_ujXPtDPaJlYnJzw,1
‰∫îÊù°ÂÖàÁîü„ÅÆÂèçÂøúÈõÜ„ÄêÂë™Ë°ìÂªªÊà¶„Äë,UC2O2A6k4-FwvFbQ8rVG5EIg,1
Joel Station,UC3-B1r2Fr_qVsRzv3dCHTBg,1
Bretman Rock,UC3EFKdXAU99j3ppGgvTz7XQ,1
O SABION,UCF_A2l4dr2r7_sMZX8o2sXQ,1
JULIO ARAUJO,UCEq2v56zX4plPt04zpctinw,1
MPL Indonesia,UC1dGHGJTXU_dkiR8tW3qQgg,1
SPICY FRUIT,UCGagMyOSSAxhVosHf_w0XdA,1
Daniel & Alexa ,UCyz8qCnQTZ8SPizdN1yWxiQ,1
Racsojee,UC7nKJTRTIyqguXtCEovqVjQ,1
REBANSE,UCg8zBB-fHpe7HNee-ho1nLg,1
Jollibee Studios,UCyk1UBhROhDTgFzh6Ls-jRA,1
Blackiel Mc,UCBbVMKB3moUdPmc0uPLvFTQ,1
DENZEL GO VIRAL ,UCZZBpXc8smRSgUanjiR7WXg,1
Dani Rocha Tv,UC1Xb5NyfeyoC7vDMm9_kd7A,1
Doug Channel React,UCWahwO5jA1UyonReclckWEA,1
Traveling Light,UCVQpaRCIn-rB6slVaDDV-6w,1
Infinity Learn NEET,UCiTjCIT_9EXV1Wp1cY0zaUA,1
CHAPADA EM BCN,UC39JIrY7hyHchcmGJQi4WbQ,1
Padrake Burrell,UCEQNRtm-aMuLbgjokxwl5rQ,1
David Hernandez,UCi_4ErVL50dISfG99G_T-nA,1
Agridoce,UCLX5cVbIc41Zl5mOE_bOY2w,1
Casal Vlogs 21,UC3Z716YdAYTYUxV6mVvq1tQ,1
BIGODE POL√äMICO,UCv_LLiEdAnh8gxulbCWFwGA,1
izebeam gaming,UCcqTL0p94JEmnSKaByywUmQ,1
Seal On Tour,UCHpoNrigyJIHSCvM-Fgw4kg,1
Cognito,UCaGEe4KXZrjou9kQx6ezG2w,1
Sami & Sandy,UC8dsb0CNtBy98Ap1K21Ck0w,1
biteswithlily,UCQJY-WJrMYeDt9qzFcT8SNA,1
Jennifer Ngo,UC1OsB1tPvXtpYxn2prHmsBw,1
Honey‚Äôs Life in Brazil,UCQydPEiqHMBZlHqR4SlBMAg,1
Dan vs Food,UC9e6z34ZlUyL0BEK9yiW-Jg,1
RYAN ELENCO DO FUNK,UCJV9_dvtcJm3wNmPi8qwgvw,1
Samira Datucan,UC2FRtXC2uhU6MTe3Bpufbbw,1
Moon Blitz ASMR,UCf6D6rST2gz2o7AUErx9KeA,1
Dee Mwango,UCZD5OZHEyYG60lF8SBh_JVQ,1
BEAUTY NEWS,UCvQgkrOiwcV9_C2Hj2IgeLw,1
We call it Home,UCuoaj2aWIYUGB9Waz2xGD2g,1
PH Santos,UCjY_LBR_7-Ile0MAsbeJWBg,1
HAY$$,UC5jc6NycXbksN1op7stqbnA,1
LeroN,UCdp2RNFG3iB_c7rfAQ_MPMw,1
Calvin & Jess,UCYLE90leCKiyCqZgKjOExCw,1
RiCK ES,UC3MJJYFW7vBAL32AlgMI6Xg,1
It‚Äòs Leya,UCOssbxzgCfx567y4u8bJevQ,1
Trit√£o PH,UCWn9YS7LOhTxXBT0lpUMgXQ,1
Tammy David,UCqU85hBAp9o6-RiaMDaDWRg,1
Oli White,UCUWhWgXOjE1ET2CRRtgcnQw,1
SHUGY'S JAPAN HOUSE,UCnajIcbBsO7fe2WzGB4h71Q,1
Trisha Maemae,UCpLoSU7oxnrli_IRAJzZVfg,1
Jomarie Costuna,UCQ05PF3GNd79q7RvtLaxvLA,1
The Late Late Show with James Corden,UCJ0uqCI0Vqr2Rrt1HseGirg,1
SoJooEverything,UC3nqJTtqC7LGRtCseV62vKA,1
Andy Kos,UC_JeB7Hk1dea003Ubq3IqTg,1
Nomad Moe,UCt29PdMHiR9Wfm0SkdkjSqA,1
Adventures of Zalke West,UCmcstlAuzUiBj5fbFeYVYCg,1
Rubishaa,UC_054DXO8cKRX8qfhO87n5w,1
Just Fun,UCx2FWy73vDD29_TaGX25H7Q,1
Dana & Jadie,UCWTxfWqPhig427Xf3hnRfbw,1
Honeyduke,UCYWtfSnOqE7okWNx2V1RPIw,1
Dumaguete Filipina,UC7gWJKeFf1zkay9Vs5sS0lw,1
Triumph Across America,UCnePCUOcym5ZjktQILscV-g,1
american perspective,UC6pVVzSYH6xwCvQ97hU9FHg,1
Pinoy High Five,UCiEQ75gLsJ4py99ZWumb7Bg,1
Marife's Simple Philippine Life Enjoy The Islands,UCImmK-1w_IC0otLcwHYgW3w,1
Aiwon-Ah,UCIs4XKLneLF3BHrLdKAy-0Q,1
Clevver News,UCQjh-JVPNWfY-KsZS3RgRHw,1
Life Happens Vlog,UCyh_40EPcTX0zZB5YWY_1iQ,1
Steve TV Show,UCEs-zSwH2NYGskxF-ptoT1w,1
Maistrang Laagan,UCK7pxD0lauuycuQWuUVi01A,1
Pumpkinjoes' Philippine experience,UCOoWSkNEwAcXtpOr1V9gQIw,1
The Hungry Wanderers Syria Channel,UCq-BfH5-HaVZgbsid1i629w,1
Sara Forsberg,UCdoRMzGcCBpjKTClFHGI-Yg,1
The Voice Senior,UCxwt0rO7YR2WGykltZZf6IA,1
Team Taylor Channel,UCLW8TPVQhK6liRr_5L7jblQ,1
jaystreazy,UCeYWMW-I_2d-tmSn59bowaQ,1
Friends in All Nations- Filipino,UCURxbW0Y5s_Y5QkwOag-_zQ,1
Hungryy,UCwzu_Vl9yY7yVtzBml0ESMg,1
ZLAT  Val-Van,UC_6sVt9967gh0qVjnM0Ep8A,1
MR Pogi German,UCGRHUBKV4PlyXZuhHXiTXSg,1
TheSmartLocal,UCdfhBqMbNjuMNkMNxLrehWA,1
The Rileys,UC2QmDWqyKOMs50q-kGyfJLg,1
Derek In The Philippines,UCjBhLGyuTsQDfDzME1q1Png,1
Abiswealth's space,UCwmBVrP9OuYniXXuuDhR7gQ,1
Antoinette Oguma,UCs9fg1x-W53zxlgPn_iaRyg,1
MAMA YANA & FAMILY,UC-LEwCAiXCuHjr_Qjihr8_Q,1
Sun Kissed Bucket List,UCZZwilU9bYdS-phW3M7lv6g,1
Crew Family Philippines,UCcxJQGHUnWzZywBlD3CVNcQ,1
Ivy‚Äôs circle,UCjGpLUhNKh8tUQ5FLu3rvpQ,1
FILIPINA VLOGGER,UC-I9RtZK7wfdwGmHFgpBk4A,1
Venoshi,UC_3W8cBYfZa0RsjjJLmMQhw,1
Muzammil Ali,UCTS38bng9t2A9dGYNxnRzlA,1
Reborn Abroad,UCj3uohRHt2UmNCTEvHJE8aQ,1
Marina-Kyntiew Kbani,UCwvWq7bx1t8MNrdXjD_YheA,1
travelandtash,UCUc0Q7oIblJ6_kSmX50iGoA,1
"Foreigner Farmer Philippines ""EXPOSED""",UCyeRiNDngGS-ttHsILQHquw,1
GC,UCUEbbWqlF-yZwmNah9STfBw,1
RK,UCFZFoz3XP7AANmDHoIDfV_A,1
L&P tv,UCexvnpKbBBGBqT9PIXSs8Vw,1
Pare Mare UAE,UCiPZfIMFa1S2mFb3Mm28ulw,1
BG Alawishus Lives!,UC1XGHjYKphLE03eFZCXM_-A,1
Karen Davila,UCTkK4ODg5Qp8Q_yNFukZy4g,1
Eddie & Mina's Adventures,UC0McynoLUjzL9Ruxqo2QNrg,1
Al Jazeera English,UCNye-wNBqNL5ZzHSJj3l8Bg,1
Erick Chamu,UCKcePJgVaWn7clYFlcHCX4g,1
Michael Gaming PH Cosplay,UChW5TTf04wPJQR9RNUYFLPg,1
The Newbie Mommy,UCP92HVMisOyUkKEjgHOLYhA,1
That's why MMA!,UC3MKthObYINWXgPuNbjpsmQ,1
FILIPINA AIZA ILONGGA ,UCzRH5jM-3HoYFOz-4LsmD5A,1
NCAA Philippines,UC3Whnl6MzB0bJKwfbm43JMw,1
Daniel Ferri,UCkrJehOhoQKs9r7uO1qYGvg,1
Travelin‚Äô Tyler Style,UCB2nwH9WUOJTewQLjKmWVEw,1
„Éà„É©„Éô„É´„Çπ„Ç≠„É´Âêë‰∏äÂßîÂì°‰ºö,UC1q8qzHHDFPP1il1w-yKEeQ,1
Gie Wanders,UCzsch8xdb-N_ZEt6tvHfFJA,1
Mauie,UCi5wYVg6WelSDcnxERSc2UA,1
The Family,UCHgaBKg_bSGSsSsn3yYnvaw,1
Janna Victoria,UCMOatgEiNWpqrxZ4DFk5TOA,1
Danica Bea Vidana,UCK9a6dP7PCy62uWqr6rbEhA,1
Vindooly,UCj4hfQEWcGtF08SLEZCZc5Q,1
Julie & Daniel ,UCuHtH9EQghMwrByWjQcE3Fw,1
Nurse Mharvskie Vlogs,UCcH05o-JPHTLxd8Tucx3B9A,1
The Montijo Family,UCUAOYSH7Txu576CbjIqKkbA,1
Wildlife Claws,UCsczxUyKasOCy2gfNjs2Hxw,1
JollySly,UCrJPIuwZFkCuJBZVl7cpdEQ,1
Travel Beans,UC-Rx9HRmDoc5YmtcPOopmrA,1
Randoms&Bits,UCGYjo2uaaOCZ0Zu-aUwvhxA,1
Nurse Ella Vibes,UC5i2em6WyzdlyDHNcmOxU1w,1
Tunrayo's space,UC4vUB16anA-UCm6f9fCg-XQ,1
More Best Ever Food Review Show,UCXw1ddyrUmib3zmCmvSI1ow,1
Marsel Galeev,UCjeixbq3FEXaqyAUCq8TP6A,1
Cond√© Nast Traveler,UC3TIRH4PPSDde66Hg5wGh-w,1
ElNitaKarim Life,UCIl87jXgFWrm4a6iDOZXI7w,1
Netflix Is A Joke,UCObk_g1hQBy0RKKriVX_zOQ,1
Masbatenia-Texas Lovers,UCqpfoUKInywH85N9FtKQ-UA,1
Mike Grogan,UCuTvu6NRd8H085mKAn8aoEw,1
Games With Names,UCFof_j6hnC2WaZWwwW41_gA,1
Actions New,UCPR6TiKIEpYCTAEUFbk8HmA,1
Kelly vlog,UCbKxGzI77VYH7gBtxoECOxQ,1
Singha,UCqwlE2Qm4dBFYcuHo4pqikA,1
HighlightsNepal,UCrzyJYtjLOTfnUur8hsr7ow,1
NorthStarBoys,UCCmY_sdad4tGaF1OErDCyJA,1
Visual Philippines,UCKzaGZ4zDqALQlXjqPjUNVQ,1
Mario Adrion,UCX03fo4otJKILwWms076PDw,1
TRISHA and JOOST,UCSnFmRBRdeY-1rrTPmpYGdw,1
Madam Inutz,UCkP02TRImIyg5T7MOwwgpPw,1
FoReIgNeR EXPAT Making MONEY - PHILIPPINES CHANNEL,UCbvgApn2tIGwxoZEw9u2a7g,1
Atabekov Family (Igor&Marj),UCuSgGKulHNoUV4R7zmGUU8Q,1
LIVING WITH A FOREIGNER IN PHILIPPINES,UCgZFLey5vgSbaPhCLkBrWlg,1
Manny Guiral,UCxwLht2nAJ70ZLn2S_nWrnQ,1
Mary Grace Brabante,UCQ7JwNTyN51EeJQnOFtVoRA,1
NixTin Tv,UCGS5kChnxBbZegKYvTvwxJQ,1
Texas Filipino,UCkYjhW31FQHMDMg9IyCdGTg,1
Sean‚Äôs life in Philippines,UCLNCo2pr17O0vLhAsOVmQpQ,1
Kalbo's life,UCL0jyQjRHeMt--ENGgfm0eg,1
Tomtom vlog,UC1cGR3prBU8pwTqIuJgNXYw,1
MiraK. ASK A Filipina - Pinay in Japan,UCLUqzyVsvyeU-cj1usxzt8Q,1
KandA Life,UCDi_fQpCotRqQ_F-n8XG33A,1
Kalingap RAB,UCwxnpdbpl_sH9oQnKIpoHdw,1
Vagabond Awake,UCi69g_TePyU9Hy69xmMkwuQ,1
A Foreigner Living  in  DAVAO PHILIPPINES.,UCadCTxlsJgltl8055wd0pBw,1
Voice of America,UCVSNOxehfALut52NbkfRBaA,1
Not Lost Not Found,UCzMl-6e43055wdB_xLPoTTA,1
Faith Lopez,UC5TReDh2_La4dJfVlqI3J-A,1
Mr&Mrs Van As,UCVfCAXIOmgaZ9J9s6BUmTiA,1
Joe Gilbert,UCUGxiJ13iRVRiypo8mT5r7g,1
Bob and jane Life in the philippines,UC8_DxDRYKKOq4Fe67bMGB8Q,1
Justin Spencer,UCGeowU-8GQe3BdPE8Ag_mNA,1
Ritch and Cameron,UCPdzulm3MTzNlG-uG99qO2Q,1
NEA ZIXNH,UCYMEOGcvav3gCgImK2J07CQ,1
The Fuentes Family ,UCQk6DkdmHIcbua9fDBeKGKQ,1
Agz&Chad Living the Dream Vlog,UCXFTI-FeU60CqLED1K4dqMA,1
Favour Ige,UCe48_nNp8vaV08-mSSDANuw,1
Andrew Fraser,UCyVNApi-6Mf5U8We98GB7JA,1
CHRISSY BUTLER,UCVViP4FV3N1WMWH8cTXY6JQ,1
Today with Baby Mae,UCJ_5ACJdQRwThEHiWCZJX4w,1
Jenny & Sercan Vlog,UCFZ76x_9p--Pgnq1urAtnSw,1
Sharon Lapu Lapu,UCTc_Fq4ssgraiy2YS4v795w,1
The Raw Facts,UC8vA25Tgxugl1wgUpZ1MwKg,1
Zhian Montes Tv vlog,UCqtWAMpdMUssBwwueYoDsUw,1
Celeste Young,UCN_opqwKQ4RFYRCEC1m0YSQ,1
Robert's Island Living Adventures,UC-_5wugZuFZh4Nh3nN7lz9A,1
J & K,UCRRWwWP4p74mWm26ex5uvfw,1
BaBi and MamaXy,UCMFTHp0KZZD40vyyszQ-4-w,1
Andr√© Traveler,UCcKGEp__dU1XvwwuV7PrmoA,1
The G Family,UCpibDdwMDeOalmFCl3itvaA,1
Growithkris,UC9WF_qJ2PTNdK5LEpy-qUFw,1
Martin Friedel,UCiF8Rkx5YEXkCk1cY5YObqg,1
ronel Ca√±edo,UC3n1pKqSJbzKFKLURBDScbA,1
ElleSwayTV128,UC6CogKFpGlE03Iox9ds6LfQ,1
BapmukjaGO Shorts,UCK55GrGCSgs2BFcGJnBOngw,1
WM official channel,UCYAgCuUsaqAcCZfXn9praOQ,1
John J Images,UClT3T0uB_sgXOrbqwUi4RwA,1
Dheebi,UCwwEyxr_lrdZEXKRzj9pAXA,1
Jimbo360,UCY_A019nxc5BCk5bf9TfMtg,1
Fact Frenzy,UCqJrL8nDo9oAer8wq7EgEog,1
Riko&Miggy,UCreLfiTchNSTkO_0z_lxY3g,1
Alex,UCEnR4qSKFvL0ovpR1dHSc3Q,1
Tim Newton Today,UC_veK3i8tE3lQ2LVlegFSfw,1
COOL DMG,UCu6-XQ3gCR7JITLbC-LHJ5Q,1
buzzarchive,UCsFemxO87Sv0Qj6LOe2g-_g,1
Yaro and Rhea,UCHmCjYu0j40jBCPOJ0epwEQ,1
Travel With Kajal,UCLcHjKGYONOtzbiocUZJCLg,1
TooMuchTimeonmyHands65,UCte3d2hiNSDxOVMGq3pXI4A,1
Farell Salvador,UCPASPlDyd-mOCQ0sNyW0Mew,1
Doga Extra,UCkm4yoSt3kguEOqd4YLjZCQ,1
Bami,UCRMiy6O2jZMCjzrHtEHKotw,1
The Koensgen Family,UCaXLohL8rtkszX1BjuV2x1A,1
SimplyTravel,UC4GHY9vr2Vzt6PekpgV4GPQ,1
Dream Wide Design,UCSnc0Uv3uc5f6bV7CsxcXzQ,1
Honey Jia Wen,UCvRuvzupnDIn9kR8hyRJkvQ,1
iTALIANO (itang-ilocano),UCsDKSEVoixSz32HrRpR-j3w,1
MichaelandMarilyn4ever,UCA7DZddq83tLZ9Jdk3z7a2A,1
universal videos,UCqvnzWIeyIOqTehq4JsqXeA,1
ARAB MATES,UC6AALGgpfXpX5k32i4HEVIg,1
Philippines One Love,UCYZGzORreG0S452i5UIjItA,1
Sunshine Shoulders,UCMW3g6FKcvRGTRLSIKnb35g,1
Philippines and Phil(osophy),UCHSFuAK5JWJvbTqNpIfNKXA,1
Nova's Travel Adventures,UCePWw4-0ugJZSMoRcuHpuvg,1
Papa Dudut,UCPYt2m5Nzzym2qQK5w5IwEQ,1
420Jon69,UC7aUliIcqaPEl6lf26GNOcw,1
Q Adventures,UCi2Nv503GYUIGWGxsme6-4g,1
Happily Married To A Filipina,UCO7TaYBakcCLc42ordXX17A,1
Philippines Update,UCviEOe7qoRt3zTt6i60s-sg,1
Turbos and Talks,UCmhg23tXQu3QxEU2sP1XDVQ,1
charlie‚Äôs lost,UCVDNARG4aJwgWzXJTAUqR9w,1
Babsi Rants,UCb_46AWbf8azrVyQ_Nrkp0Q,1
Joose the Nomad,UCsJIlMFmqPinElAe6RsrxCA,1
Dude Abroad,UCIj-RPth1Yed5XuCtM5YdWg,1
Living Overseas TV,UCG2yIxAft_USO4o7GU8N9Uw,1
Madam Chrissy Echon,UCA23TQtMdlMtW6aD-8YCoXg,1
B.H DEFENCE ACADEMY ROHTAK .4.2M views,UCnGVg78ApPNrk4zn-xdhPqw,1
Filipino Holy Homilies,UCjvCVawvoEmpB6SpOthYQmg,1
One News PH,UCzEAC4xGrhpShopTYgBhGJA,1
AnarchYxNinja,UCNp88GOrkEDC-rJV9MYfoYQ,1
Ëã±Ë™û„Ç™„Çø„ÇØMiyu,UCQsDp_bWTT1S0yLOo_IFgZQ,1
Asagi's Life (No BS Japan),UC4q2dwWldl6dlYTXZqi7yaQ,1
The Level Up English Podcast,UC6-ykfLgZ6TrtiUQedi7p6Q,1
„Çà„ÅÜ„Åì„ÅùÊó•Êú¨„Å∏!,UC4BgdS6L_G3Tan46Z2s6R6A,1
Sora The Troll,UCMj4YareOFuEfxUBbncWF9w,1
Entertainment Residence,UCW3tuBS9AVbk39Acgr9F-0w,1
Kianna D,UCkqXtZeJT0HvuXvaqrGPU0Q,1
Jelicious Diet,UCUELtp8K4Cl62E19rCjoMuQ,1
Tantan and Ethan Adventure,UClFK9_kLN0BKLSg-mS4ZXaA,1
Khulitz Channel,UCOKHNEaN9hyJUBWMPoELXqw,1
azngami,UCqiBMElAeU6P7Z0RFc3kbww,1
Ice N Rice,UC8Qq1UJGbDHhOMCr3Zcs-vA,1
kate elisabeth,UCETIvuUwho7qMJpr_H366Bw,1
RubyJudy,UCjC-vKs69D50d390QvsKJIQ,1
Family On The Run,UCGFwqHKKSGivPs5a8EYKUhA,1
Niki Daily,UC2SpsSpNbgvu2GJZQqia03g,1
GeezGiselle,UCbayVzDM8n3tiVA2uDqmljg,1
Raida Fan,UCegtLH241nSOF6MD6d76EzQ,1
fuslie,UCujyjxsq5FZNVnQro51zKSQ,1
KBDProductionsTV,UCsKDjB0_6MJ2SzoAkeMRJbw,1
Kezza,UCVr67weaKLt0-7q357_UL7A,1
Pokimane,UChXKjLEzAB1K7EZQey7Fm1Q,1
Carnell Nichols,UCiRbCCTqrl51LQD0XYcD0jQ,1
Diana Manadil,UC_DhLSdCwI8YLDKhKeKmGuw,1
Jamie and Hannah,UCKgYPt9FLdZ1pfCfzDB9nTw,1
Will Palmer,UCuI3uXMnSSqgm0LNBS5CW4w,1
Jay Palfrey,UC_tgsxACmD89VH6eXiLyUBQ,1
Travel Snippet,UChXXf7x1GquyfBcueoROYhg,1
Travels on Toast,UC8AtHRB49boexr6i-1DoaSQ,1
Jessica Jayne,UC2PJ-0rPoG64AjJLmJ_tJBQ,1
Aoife McElwee,UCyzI09NXubZFU-v8YejN2yQ,1
Travel For Phoebe,UCMhDk2qIKoE7bVht4GeQ8Lg,1
Claire Hawkins,UC60lMQSaIdI8wb6ILHMwQHQ,1
Panda House ,UCG7eqmE9i3bimyUW6_lfMxA,1
Lisa Diana,UCRZIUwGtwQ3y4T00cHg0c1g,1
phat raffi√±an,UCA4wwxLL-oVmAl23FF3ahEQ,1
Get Emspired,UCmHjsHsqSULDfmPi92YAJ_A,1
Jason Billam Travel,UCdtpC6cmNhVH1i5w6QCzOUw,1
Brawadis,UCvtRTOMP2TqYqu51xNrqAzg,1
Ace & Mars,UC2cjZy-jHjWY08bIVprB4Qg,1
Kari and Kev,UCkq8mK0lD7G60OPtyH4h4zw,1
Life of Jer and Issa,UCmoRZZZrxqrMPkDORfdGwiw,1
Roland Boyer,UCoymyXQRnOkww460roX7Jyw,1
mattyAU | Content Creator,UCDwZzGBHU1U6TfBBfnm7ZDA,1
Matt and Julia,UCnrHlFu6ZueDosGPt9R3nHw,1
Oli Barrett,UCHUPUDRhIu5xwyYaShG27qQ,1
Abby and Gaz,UCklVKYFiysrga7q7UdhZxyw,1
lil bean vlogs,UCyCIBWPEfNpT64Bg_C8q1Aw,1
ItsWannie,UCIfDxUp8_xucPaIFI3pdFXg,1
Brett Conti,UCi4s3kO1-xxCDaw8yX56umw,1
Jerico&Beata,UCBXKans5cLTCVbvIlhrZevQ,1
Brave Belly,UCbVt6RN1TSiPocfRATAL65w,1
Randall Wingett,UC6GcJhYvIMzu9U1u96KyVOQ,1
antonychenn,UCDDoMDR0UKzQA7exTjn8M1A,1
BriPhil TV,UC2Se4ZbNN-1SwKazNhUimMQ,1
Tiya Maria,UC4xxrLOM8oJVGhPmhTng_ag,1
MAVS TV,UC9oD7hbcA61sawz6vpZPUdQ,1
MrLboyd Reacts,UCvIgMaAiW65MXfnuZif-MnQ,1
Local Band Smokeout,UC_OwIfvGco2rDw8kX8NKg8A,1
Shaun Tayaba Reacts,UCtWFYjpnSCCUcR0orv2Ta5w,1
Ben and Stephy,UCNpw3X3NNe55fI8KuTu4j1w,1
Brooke Morrison,UCnlGYlO_rIyN7aihU96XvHQ,1
@RyzTv,UC_kvVhjomz2wxmSNAEiSGbw,1
No Life Shaq,UCKUCm3FepRrl-VKhq0Wwajg,1
Selah Christeenxo,UC89W3jbtfIqatQs-Jn2e-Xg,1
Voice Enthusiast,UCi1GDdlNaW1lQthJaqNeG7Q,1
JuiceBino PinoyTV,UCwcNrBL4m5FGCGgy6KkLMwQ,1
Not so Normal Reactions,UCw_PPnLf_P0n0Udi_Qeg6Kg,1
USPinoy Musikahan,UCexbY_mIlF9wrlFNSbXvltg,1
DubLirious,UChnvlSr1UWgfYyIfuoKDRlQ,1
KeithWongTV,UCljAUjvkF9kzmifm8R-uoSQ,1
Worldwide Courtney,UCEygTCeydYabnQu81yZ0r-g,1
Nikko Ortiz,UCIQYGsyTh6WOJ-k5kxj4NVA,1
patrickisanavajo,UCmJC-2WmfoQCzwMtK9oC6jQ,1
Anthony Ray Reacts,UCm63ydtRcYzr-EyHDTAQaXw,1
tretvfrmdabx,UCi5uM3sWU4-6f5G1ybq9lXA,1
culi,UCiAPCUP60HvkBdVMOs7wPhQ,1
Voice Reason II,UCP1HiXwybJRLQ0CwKyc-VYw,1
JohnGuy09,UCcJy4sDNB1RC175zcDV06IA,1
C-Bear Reacts,UC9qV99c_HzUhyEhFmwo7xfg,1
Kengkoykernits,UCuZjb3FYpZ-bsT4c-UePAww,1
Kings of Horror,UCu0bxC7vG_HKWJ7ijO9QKwg,1
Randy Dongseu,UCngGfEv69-UtPuL_Ipcy1yg,1
Jitendra boy official,UCgTIFNynArTKnfKZWk80KQg,1
Muslimah Media Center,UCgQBZ25YtD_cm8hpCsey67w,1
Pohnyzaa,UC15yEGZ3OQd80u37_7sMu-Q,1
The Times and The Sunday Times,UCF-VP3b3oH0XASqsLI5rnLw,1
Akonzip Zippy TV,UCIZW_6pjxWJBBsH-04jAweQ,1
GBNews,UC0vn8ISa4LKMunLbzaXLnOQ,1
WION,UC_gUM8rL-Lrg6O3adPW9K1g,1
raionhime,UC_7QbLItoOQ5Ap4QaMJMRVQ,1
Pro Tour Network,UCoeMTsTzaRlIz1YxeNLU3Kg,1
EZ X FLACKO,UCq0otuU4vz9oHWEW9MyvwYQ,1
jheffy,UCBMwrEzkbaNk7rgdNYUzJbA,1
Mobile Legends: Bang Bang North America,UCs0NBmP5x_U5eq0gHZmffgw,1
The Comments Section with Brett Cooper,UC7bYyWCCCLHDU0ZuNzGNTtg,1
Jessica Wonder,UC8eEqY9XBz4GeSP6UmrJ8og,1
No_ Problem UwU,UC3Nlq8HXa-bRotKUumx0SLQ,1
ElyasReacts,UCUULPWnsQKl77LdYxJTbYtA,1
Office Blokes React,UCdTF__UASnN77R3VY1D0iXQ,1
DisfunktionalTV,UCR6AF9GPSipMcWnk2q6g1Lw,1
Jaymark Gill Velasco,UCExUKX8GTDdD6ImLOgtxSbQ,1
Sheena Torno,UCSU1Pun_ifot_uTsjHO_dlQ,1
SEASAW,UCiuXG2SS36NHKpyGEiwj_pw,1
Cebu International Academy - Season 2,UCpSbKabUyPa3UIweU_EqIPA,1
LET GALANGCO,UCWviVJ-jt7f7wlL-fMgOtNg,1
MyNameIsG,UCFHLige48kCmmaDgVUxa7dA,1
The Backpacker PH,UC37OSznXVnlR4KWQ6sSM0OA,1
Inked,UC-AqLLFKh8QoCsXaPAg4aRQ,1
Nat Paul,UCHRnRqc4dAxMUoUnQnRQp1w,1
Life With Lauren Z,UChZlMOmaiUdzmgB9_z1rh2w,1
WHAT'S IT LIKE?  John Zerilli,UClRa249PiovCV3TQjVtJsEQ,1
SneakerTalk,UCo44inc4e4hvEaa1U5HpRqg,1
G Dumaguing,UC_Cfg3r1gw54FRuIli0A_mw,1
Mariella Amor,UC1yz23jIKeI_tl7A5YvxkjQ,1
Lil & Jeff,UC3s7fG96l7hQl59dUwG48jQ,1
VARIHUNGRY,UCHDQdGswOsbFxo-1lriQrXw,1
Good Morning America,UCH1oRy1dINbMVp3UFWrKP0w,1
xxsteftyxx,UCbq-LkvKqqv632Y8_dSlneA,1
Mae Layug,UC-lTjNx7oP91DydDbgFJTlw,1
therealelwoods,UCYsl4uA21yAnWdTCsgvR9xQ,1
JoRika Channel,UCpeV-xahJyFaNUeW3cnv-pw,1
Dinner Notes,UCmYlf-2ZxCOnj2oND_O9XlQ,1
Roxanne Dimabuyu,UCcTO5gQiVEaigDvDidtgTDg,1
Sundaze,UClc5dXT3wr-taEW2GLAOshQ,1
Pinay Culturewave,UCNXzdXTPgEzhyKMw6F7IsAQ,1
Premier Volleyball League,UCWU0dPmMnmg2FsZKDTf1PaQ,1
Dylene Fajardo,UCiaAjs9D8oTdTME03qCpMIA,1
Team Blended,UC7p5q0RjHmGZOyFgPab0xcA,1
Regina & Daniela,UCyncmwP7mZvtLu8OtGPdt1w,1
My Life in Philippines as American Foreigner-Expat,UCmjlRZIocW6lNg-HZA76gNw,1
PoliPino,UCMjBwwqTlg8mumuhRe-w2Cg,1
Chie's Journey üá®üá¶,UCT3kCBZUP9tj6q9IibxDEyA,1
queL paLomo,UCIVV5Il4WxzM_mF-ZOJZ0vA,1
Camille Santos,UCikbwdF0a2cXZqbe51m0aAw,1
Blue Asia,UChR6WXItwOD7a917r15LxqA,1
Marie and Matthias,UCZzhymXFb4gdRBbeorVA5vA,1
Big Mike Certified,UC1Bw41WpGXJUzMzv5gk1SGA,1
Trisha Ellaine,UCSSBe_GkwUubebEcnif3dLg,1
Arvalej,UCzcIywvojndQ5Hm8rGGWK2A,1
Jessieee_,UCXdsfDQP8r67wMgWnL_nzBw,1
Vamos Canada,UCEAm5EnXwhHincPQokX6HNQ,1
James Susano,UCIsxwBPrm_-Sre9ayQLuPZA,1
Lucy KA POBRE,UCPRBIuuvzBtgJjMZD2IckUA,1
Manila London,UC_auCtqYnAd1pLkP_Y-B7TA,1
Team Kumar Vlog,UCLcGFzkzFqi1OY4RIWzj-Xg,1
Janina Vela,UC5XiGlFSFO1TrI1weEpoxXw,1
Idol Philippines,UChrqw3SxABVBY9JFQVTZxOw,1
‡πÄ‡∏ó‡∏µ‡πà‡∏¢‡∏ß‡∏Å‡∏±‡∏ö‡∏Ñ‡∏£‡∏π - Kru Travel,UCvexq5A_O7HgumejhoVr1XA,1
bayiiit,UCo4dYPRpQBNguUjoiaK3_uA,1
i4Styles,UCQ2dDXe6Nvg_73TJzB2wyTw,1
Free Documentary,UCijcd0GR0fkxCAZwkiuWqtQ,1
Rick&Mari | A Canadian Filipino Family,UCIs8PlgaK1ObrHb0m-BpWog,1
TEAMTJ,UCZ1ICMmb1wvN0KUC5_g2gWQ,1
Explore with Flor,UC0k9mpC7fLn3Ct17iGg3XMQ,1
Lindalicious El,UCo6FPsjkFcLXayIn8ZjWElw,1
My Love Meea√§n≈Ñe√©üôåüèª!,UCKWMJzrWkE7mo4JpakJu5CA,1
rhey and tristen,UCXVZq_wcAvmQ0DunEqcC4ZQ,1
Cris & Danica,UCSFvrxXEUEW3a8B-sw_O5nw,1
Jamie Barclay,UCIxYUjbVYeYZGUk1EZj_cBw,1
Will Travel For Tacos,UC06KXrBC2Bid4LQbQqAltbA,1
Gianna Abao,UCESwMWvXks5-8cXkWNUAuRQ,1
RaynGelique,UCBqVLksxqvtNxTY0-xPGAHw,1
Brent & Mir,UCf9oonZa-_qG1WUOX_L1z9A,1
GidKidDad Family Vlogs,UCGs9BgNZr1LRh_LhhoitmYw,1
dearjuls,UCSbZfCdb7bkwxw7_iYhPORA,1
Leika and Perry,UCh8TWqadm2CGdo3F_Qu-zSw,1
Kim S√∏rensen,UCNaXr4oImCfEB2AdjCXQu3Q,1
AllysiuTV,UCJBeu79zaSBmldL0yhiw24Q,1
NoyFinance Vlog,UCuhm_jkYOLxmPd3Tty_W_ZQ,1
Kristi Travel Escape,UClqqFaN_d4zBe7oKi_PSFCQ,1
Arcjade Vlogs,UCnkNyRbbOAcsJOKlntBibxw,1
Mr. Maybe,UC3u6hX4E9HP6tv52TSdZbsQ,1
JustTwo,UCWuLQAEtp7i3vuUKbJ4gWPA,1
Wanna Buy It,UC0hCj45yAvlOqDu7a9rhK5A,1
Bob's Watches - Buy & Sell Rolex,UClaDscm5Bz-bQEQavSvhttA,1
Ashton,UCJ2fzQmbaIUw25ioctLFXAQ,1
Mark Abroad,UCxkF42nqXoZ0sZP-GqU-Cww,1
CupofTJ,UCQ1HrvjVG2XNP4OGTA0ZlmQ,1
DeathByVlog,UC2DFAjMYNmoyg3WzN31fGDg,1
Mom JacQ,UCxvcL1uoyrxDgvKdwreZQ2Q,1
Travel with me | Loyd Nagao,UCAbw65RifyLUoG3yq3ZJpWA,1
dianne marie atienza,UC0Gx2VLCNL9SG7PaURozRGg,1
REAL RYAN,UCcOsHIotTyGx5tgVpj13YnA,1
Povs Adventures,UCqDOgbuIkgseaGA8JZsLffw,1
Adam Cortez,UCIZ7wTBURgf5Qib2lG5NphQ,1
Kyle Harper,UCBa259kwdoMHF_nvGkwUESA,1
tlc uk,UC2vlpX8sNDBmPcY_1_QSGJg,1
Speaking of Asia,UC2CLWAS4SOqJqb9CGTpoqbg,1
Raffy Tulfo in Action,UCxhygwqQ1ZMoBGQM2yEcNug,1
Pinoy Digital Nomad,UC8NajDoZhCm1tQk9o4dwSBg,1
JRC Visa Consultancy & Immigration Services,UCLFl8rxOM79kBrgCXvox0mg,1
Apple Hernandez,UC9tuC2GZC1_BhwT9wOQr8OQ,1
mayciel Villaluz,UCvOeLKIapMA0pv-clhllBGA,1
Escape N Sea,UC2KGoU6ITVlrrE-QxUVqhKg,1
Mary Grace Real Estate,UC10Hlv6C0tejrfDXPSe5vvA,1
jenishliz Vlogs,UCk9_UxawKqV-Uq1jOXhuEIg,1
Sam Lamb ,UCsPqSZfyz_JRrq8mrfJZILQ,1
Philippine Travel Adventures,UCK6lhJvYRLSrHqJTXgihmTg,1
Asian Love Mates,UC9yRturaRZEiWHpmSE7ITLg,1
Andy t,UC3reU9LXgxEai91WLw_gfIw,1
ct150 adventure vlog,UCyUZGhA35f_GZrrZig23j1Q,1
R&E Timeless Tokens,UChKObwNfOQCR_Au-wviWaPw,1
MexiFils Travels,UCPNGmgVJ6Lea5A-Xc2G8h3g,1
Random Republika,UCyGU8kJ8VwOaMPjgnXWiiOw,1
Global Wanderer,UCiwUw8tdfAl8xYz_XGx3EHw,1
Anthony Smith,UC00a5WWu9DTTrcVpEGn4DjA,1
THE DOCTOR AND THE BUM,UCRqry5ooFSpBcjQupr1BBzA,1
Brandon & Arlene,UCB5294RxDNiifFOG2Kgckvg,1
Rob & Jenny,UCeAlKeR0xwvYbO-LGUGzB0g,1
Ate Esmie,UChFc41bJrEMDtRkpMCdwr2w,1
Ruth Online Vlog,UC-lbW4qOwKPIoWaMPGSN6HA,1
Aveen 'n Mark,UCtrlArDqkaxjI2-A__rqFYg,1
Dess Yang Love,UCKvv_YGG24FLSycujR2KZkQ,1
Larry Sawyer,UC6Jo4aBN7xJnOX_0GOr1amQ,1
Foodies,UCqD7wgVS7jjJcJ8u0W9tt-Q,1
Esbi,UCn4Azj0f48f63t3ijGcdSzg,1
K1CarTV,UCrhxnApeiomD9BeXb7Q2CuA,1
Dash of PopTV,UCEY0JlYurJOagnrqf_R6b0Q,1
NBC News,UCeY0bbntWzzVIaj2z3QigXg,1
Mona Gonzales,UCfoth1T6vlbm_kCw89zwfGg,1
CarleenCarpio-Youtubeüáµüá≠,UCdsyDP7xrvKmMy05aSL_o4Q,1
Red Value Shorts,UCLEygkuQxVAcVR5y8iYKb8w,1
Lionfield,UCHwpDpLoyJgtFXoAaaSut4Q,1
jeffreytamagic,UCe5S1luqeur60f4aT5-js3Q,1
PinayLife in Swiss,UCphg5UOicMYR1gDD2p_Qi-w,1
OKOKU VLOG,UCNX_1etxDHS31svRxvplycQ,1
Satsumaimo Ch.,UCRWR1yOUXo7kJMeODnQlSbQ,1
Kiki's channel,UCEI6D-ZJ0rQ4OTW3fZZQj4w,1
Rise Japanese Views,UC3uGILhw7gncH4JfFoTEvzw,1
Sho no Kurashi,UCLF3kwVID0udwpNYDcExqYw,1
OFF GRID ISLAND FAMILY,UCsk91NXOQjCtiYCfycyPxFg,1
Global Travel Network,UCQA3UHWohQ69AHQhc3FekaQ,1
The Thirsty Mind,UC6cME_m9QGR-81WV1UKuo2Q,1
Subic Bay Johnny,UCcj4c5C65y51Lx1X8BbN_3A,1
Nomadic Dreamers,UC3dKhHfhRV-glNuYiBYDj3g,1
MattTV Shorts,UCEbT1i1jyPFJskuEK06jzEg,1
Suits to Shorts,UCObpWqRV4z8PljSY-7kFP2g,1
World Zoom,UCy6o2_XUbWcr9XuJVMXBELA,1
Daddy Freeze,UCfZL0FoEc_PaIFaD4HExG4Q,1
Debashish Chaurasia,UC_5eQiQCgsj0d0ZdfH1mnOg,1
Gventures,UCRR8MNdHtQi86NLaT62vr8A,1
Thats So Interesting,UCADiDtyYMbYZpO28S9pbHRw,1
NHK WORLD-JAPAN,UCSPEjw8F2nQDtmUKPFNF7_A,1
Jackie Travels,UC6GnuaavgEgHhBTkBXoAAoQ,1
Gerard Black In the Philipines With The Truth,UCR2nOgy5Xrn3jfTRNmoydSg,1
Johannes Lee,UCiflnq6spEXcYSMO4t6qFzQ,1
Everything Filipino with Aral Hub,UCEIS8nv2fnWt7vqGCGXFJMg,1
Max Chernov,UChpB0OZBEbXLdSLZtvkbC6Q,1
Crazy Prank TV,UC0p0-50FlBoGwqzIwKIeFcw,1
Lyrra Gulay at prutas,UC3YEc5ERCEF4u18NDNW6axw,1
Angelo vlog ,UC4t1NFefTaGM_C5Jc8v5Jtw,1
Ros Mo,UCHJ-uHuHKm4xUJTkD4H3_aw,1
Pinoy List,UCYyDMuiNAwcAQhnUYiQ5IlQ,1
Funny Jay Vlog,UC8BOYAWKcsvJt1zGE_pu4dg,1
ENGLISH-TAGALOG DICTIONARY,UCZ4Levd0faYfS6N6STwl4dg,1
ronzki 94,UCmto2mkxhX9UholjFmuiZEA,1
Shantelle Suarez,UCDmmM0I_cQXRR7vChtpy6lw,1
Ruel Jarabese,UCOTqLjQF633RuKobL2hUcOA,1
Pahadi chef vj,UCeRqWSN76IIznL3bde4WlFw,1
Filipina-Australian Family,UCRO5wBIuEgBYMFq0Q4DDJdA,1
NK Minhaj English,UCUa83qis9-TDbSlVD0a5LiA,1
ÏäπÎπàSeungbin,UCOTO6JU7qJf5E-kFDam30VQ,1
Honeylith Rudz,UCfar5pO3-Q7pQctL2T9lZiw,1
Go YURI Go!,UCuZufo_DKGggmLb40f5h-ZQ,1
Earthlingorgeous,UCDdL05sYZUb0Y-qWRq9q1vg,1
Drew's Travels,UC8AKjkgcPNbfCbWAIo7-Mmw,1
LEGALLY FILIPINA,UCaDs_ye-Vr-WHCMcK0P4T8A,1
globalvideopro1,UCgZN_bhbmd-9N78ZyEDTIaQ,1
Bryan Rose Vlogs,UC3OTyzxQkouZ00-sH6ImZFw,1
Agent Leny,UCHAmXBPk2uEVoNoRFqSQ2ig,1
Bhagdao Etc.,UCJr5DyYBZSixVxOQssi5G-Q,1
Jackson Raftelis,UCvv2it6V_AylwW8UJjVSzgA,1
Vlogging A Life,UCOj3VugeH3qD-0VxpX9FdTw,1
REACTIONS UNLIMITED,UCF5-nb1rs5NGRodX9pdH22Q,1
Manila Girl Tours,UCbWB0dSOVg9j1D9eDs0CYvQ,1
Nurse Naliaka,UCpHX6hxkYmSqDjYIoozuX9w,1
Serge Zd,UCIeuIsNK_b7Y4Neb5nylLGw,1
ExploreWithTorale,UCUNTc4FIPAMv-Uvi0ZPH9mw,1
Vlog in Vain,UCuLsd4QvCWZVGltSSbEWmkg,1
Dudkowski de Familia,UCGi-UYGBCMS2XtzSuhGIrcQ,1
Sam Ginto Live,UCRQp06GK2chmzVlA1yoCgKA,1
Gaijin World,UCFK1fsd2lzkmFkEDTWswqFQ,1
Random Comparison,UCLm_km9prsZpNcJ-TmLWT6Q,1
Carefree Chris,UCM1BH6vZctIDV3lNMPH92Ag,1
Buggo,UCUOEqTvCR9HgxtJmH9nTARQ,1
SB19 Unofficial Edit Vedio,UCZwpV_a4oYtZfb-vGWB6LaA,1
"CA√ëON, KEDH P.",UCTQHJYVRML8xoRtXcSPb_oQ,1
Naks!,UCH1I_2eYASVwKyNmf10TL8A,1
Multicooltured,UCCAzd93GR0bO9paw33KG25A,1
Claro the Third ,UC0trTJPuBqkppbEcF_6xFtA,1
Gwapo Oppa,UCO31B2Hw6EPMa_UE5wQbEnw,1
TriFate,UCj8CPLHQMgkS9AUa5ACXoHg,1
ASHanguk Ïï†Ïâ¨ÌïúÍµ≠,UCZYfd94EsqipAuZyunqVBRQ,1
ReacThing,UCBobKKmkDPL_5Vr9-OxveZQ,1
Preston Stewart ,UC75suCpChvMVC_9ij7rUpxw,1
TerryTV,UCzeCPIPHZiD1806YvU5aAPA,1
Gretha's Channel,UCmmaCzuHpxU6ewLT_y9pBYg,1
Korean Brats,UCA4Rep4vMoszDFAWoCdQQIA,1
@KPOP / Í≥®Î±ÖÏù¥ÏºÄÏù¥Ìåù,UCF7X2COltpbPqWWNxW5cZRw,1
KBS WORLD TV,UC5BMQOsAB8hKUyHu9KI6yig,1
Mario and QY,UCtrxSro6keSWx23V2FS6qOg,1
DaybombTV,UCB8cF_MHSSthyslnfcERdqQ,1
HABIB TUTORIAL COMPANY,UC3qz_3xOR9cRRcqFFz-CXtA,1
WANGBUDISS TV,UCSy7Dqjz6EQkAUhlkOmhw9Q,1
ShekMatz Japan,UCcGShGddq-anl3-4LVoL98g,1
lifeasmiyuki,UCTfzSx9QCk0LJ_-x6XveeMw,1
Bam Entertainment,UC5A5e4guD8HEVqBxiYnqyMA,1
247 CHILLIN,UCZ06zxXnKV9gEz3PjDvvgkQ,1
NewJeans Zone,UCYBSjLJu35cOuWgKBBdTCug,1
Home Sweet Home Pinas,UCe0phep1x5uqVyZm9VHhqHQ,1
steveioe,UC9MU35bTvG9t06yf70hcGqQ,1
level4alpha,UC70n32ZVRd2NwRoQyZAEwwA,1
Mary J. RB,UCVhuqevrSKKADhEmuj9Y8Ig,1
Helen,UChYbEadSU_70m8vA150IaIA,1
OPM Love Songs,UCAoHYH3cfwcSUzm28mZM-pg,1
Lingualizer,UCpeSv0N9tbe2V5fLMVrlodA,1
Your Official Webby Channel,UCxicmMt9ESNLGn40Z9HW_7w,1
bang!,UCuyJ1eCY4HdlMHdz1otUz7g,1
H7N WORLD BIZ,UCma99Fo4yN1nOsitmVS5LVw,1
Reactions by Kelly,UCc8OBcS5yJDCbOQ5xmYkW8g,1
BMTV Volleyball,UCBFcUwh6Ro2ux7PuUFsv_YA,1
Mexinese Family,UCU0eCWO-6ucZuCMAYTXwTdw,1
Rotten Mango,UC0JJtK3m8pwy6rVgnBz47Rw,1
MISS-K-DRAMA,UCO22Xm0wVcgE1x9AwMCla1Q,1
SaMinaTzu,UCvAP88Of2gaISETUrqYVsQA,1
paigepop,UCXaDslGhnb1GE-YAp1VWG7A,1
FANgurl,UCCw5-OkV95x4pTbhpBr26bw,1
Angeline Rodriguez,UCo5RFMMc6RhpPSaK599QYNQ,1
FictionTube,UCPWlVsXt4j-0tsNGA7HLzGg,1
ÈüìÂõΩÁæéÂÆπÊÉÖÂ†±ch,UCveg2OqejYV-Y_UsMOTNLqA,1
StudyIn Daily Japanese,UCtpZqtcUdLuCIZg2l9BWYMw,1
marchfangirling,UC9XM6zKcSmQsYnvbuYpEabA,1
CHANNEL RAID,UCudI1c4QbGYA1dxDnTSoS5Q,1
MaharaJapan,UCljNmFImdLY0RS8wWs6569w,1
VM Pranks,UCRI2oblVws6Pcz4jS8bQnMA,1
Maharaja Otaku Tokyo,UCSodyBLhWywoIcL6kFJxcWA,1
Oppa Joon,UCg9moD8n2caKhYEs-V_ZZow,1
React To The World,UCBDv8kTJTXSvPql-n1jJg6w,1
JapanwithJK,UCe1YHY8MoNKS3AfNGB89LvA,1
PINOY BOXING ,UCfpC7QpAjaY9qo_uNWVqzSg,1
JAMPOL,UCtRzE6f7ZLfywR8CTy2h0ew,1
Ducky_Jr.,UC0pEoFo-FSfU_vWLWQyT7Dw,1
DADIKUYZ TV,UCBDBu3wUcAgxM3exz_zPoOg,1
¬∞ Kookie Day ¬∞,UCaTCVfGht_-GLG7SUX6qHZg,1
ENHYPEN Davao,UCiieK_BI1Fux_GetDrfSfGA,1
LeeAnn,UC3MtEGIN5DztlUST-gIPrBg,1
GIGGLE,UCAXsJqkA47v0NTJGdtOE69A,1
Vi Clip,UC5v8qjfTiV5V0eGb5ZY7YoQ,1
Victor Talking,UC3Ru3gHkS4C4MOdLUP7aWnA,1
Jett Shorts,UCbBtZYGU1RaBhcQfDto_cOQ,1
The Ale Gaming,UCbG-JcOpUR8c3-thzH3NkWQ,1
DataTuber,UCFagkCTe3d4kFzLSBliNkXg,1
Ryu Indonesia,UCIo3wJO5p5DXPtK49cr4V_g,1
¬°¬øWeird Girl¬ø¬°,UCbYCNBW8ToCCCGlLgbY8p-g,1
NEP&UNC,UCpG_-9aqugHLjNqQ5Q44rvg,1
Si Paling NMIXX,UCRWeJQK3PR3K0ntY6bqoUgw,1
Patricia O'Connor,UCdHb7hWnyOWmDsU0vIkNdpA,1
C-Liberty,UCbeU4IvQdjhK8YemQM7tVQg,1
juyeontiddy,UC9CqqBLUDZejORSfY6Enu_Q,1
Hindustan Times,UCm7lHFkt2yB_WzL67aruVBQ,1
galaxy,UCYnqLnWJOpxaOXunmMWbl8w,1
Muse Asia,UCGbshtvS9t-8CW11W7TooQg,1
Baku Recaps,UCyZaTYQw22yPiICv76SYZyQ,1
PB SPORTS,UCYTn1RHWemOQP3qVMbaKsdQ,1
AnimeSelect,UC3wWgmG1Qi03IrFtjdcpIMw,1
Tori's Space,UCC-m0wNg4tbqQPf2bKzTbXQ,1
AnimeReacts-99,UC1WDMl-xEuqpqwA9qGseRLg,1
your bl friiend,UCodtZR0j5pZTykoQm-Z-2OA,1
Motivedia - Boxing,UCq99IkCksd1N1DaV6eWlCmg,1
I'm lost lol,UCO-kBg0Y7fTFd7ta4FiGacg,1
A fujoshi 3.0,UCygqLMYsaX1YC4i3kgMjtzQ,1
Randomclips,UCycR7QAn9ijyaUZs4LB-ryA,1
Noah Prince,UCgwn9xOl0rF90GQlSjW91RQ,1
JG Productions Incorporated,UCHfchvIvk0_0t6j4W-DMKew,1
Nuke's Top 5,UCBnbnH7DGXT9yBBVFbZeIwQ,1
ÏïÑÏ≤òÎ¶¨Ïä§ÌÉÄArchery Star Crew,UCjCJ0vpmc1xLrjXP-ne5ydQ,1
Easy Tagalog,UCHgPcbsAXYHyZ1WzjPXWiAw,1
Herolds,UCqiH8ATIfX_iQd7O_NN2LYQ,1
Tommi Jay,UCd-AcOya2hExRSI2pKbCYXg,1
Alfi & Yhang Reactions,UCrMMKQvEUnqNDTWdfqvDIoA,1
Yoshi Japan~pusong pinoy~ ,UCZZQ5klfFQ-WzcKqR_jMZBg,1
btumangTV,UCv1JNbVjRvQQhal6rHvb2BQ,1
Rajnish Troll,UCA-nZXNGy9AT7fva6OZcOog,1
Sgt.P3pper ,UCu56-0BYxogt_pFXU8Vn8Ww,1
Karo I,UCU75ndweSEzITz_QyEgbrxA,1
Foreign Affair Official,UCeO2ZlZdFGb38s6hdS9SB6g,1
Sk jabir official,UC-cyi4IEnhmYOYPCjbDlYmA,1
Diwan Aquascaper,UCqTf8fkEbfX-WflAI9Kb06A,1
JOHüßã,UCoodQgNagX6Y_KVL8DwlhUA,1
"A K M randomly video,üòÅ",UCHafJYbeKB5rswy8vBXJobA,1
respect az 777+,UCumY6TIG28qn4e7qud-HqFA,1
REACTION_FUN25,UChJZohEuO1GhroB5oLtNyUQ,1
CashualChuck,UCMgyUlrvtn9rdE6_dUVRrZQ,1
Anthony Everywhere,UClL7eW1Tk-7T0nnqvsCQoSg,1
Utonish,UCU4Diuu_J3KRX2Rkj40ZZnA,1
La Reina,UCh4aDW1FEzuPkT7os6XmpIg,1
VMDC Fam,UCfs6EiG1QRfV79O3Ytek2zA,1
Alex Dauterive,UCZj25uUMldry9uOnfhbEvzA,1
Ma Kristene Trinchera,UCELkTFKEVSdn82wU4fbnt-A,1
Barriottic,UC5DluyIZlIZK6TKE4HQjrbQ,1
Julier Channel,UCHKQ5DoIS-V_6NIi-8R-Hjg,1
Janelyn,UCiwyL4fAqEZgRQ5fFcw3RdQ,1
Kaibigan Moises TV,UC0RRC6rPJCIIMao6QLa7h4g,1
Puti Pinoy Vlog,UCmdJyujRWadTRebkEOWXwKQ,1
Navs Ganglani,UCxqyME963OkEoT2ot9L3kXw,1
Riza@Tim's Vlog,UCqPz86DR5RmwH0JImcvL-jw,1
Janeth G. Ruiz,UCQ1D0S06tLAVtTd0tuLHkTg,1
Bonggay tv,UCX55WpwcAZh7iBJFfTW9fOw,1
Sharkez,UC67g1NoaZWuIy_Zdilf0Vjw,1
Cara Sims,UCw8vvGH0tKhjUDpiiCNA6aQ,1
Asian Romance,UCEHhJ6PAp-BEW2im0SAfK4w,1
analyn lopez,UC_D9KVwCK6-EtohFv2KffWg,1
Klare Gapuz,UCmV4XmRTF66y1gpgddbxHFg,1
Hour Philippines TV,UCTgychWKmBGzwQJr7aukOnQ,1
Tim & Vena Adventures,UCwyLGk5OZKWLNFJRlRh2k0w,1
Familia De France,UCst-yb7NC63fQF-VmOGFXCg,1
Ako Si Neil,UC37Jx5fPgZ5uCrOiQR3FGqg,1
MorintchLexieVlog,UC05TD0S6VeG6OBeLk5XvBoQ,1
Kevin Finn,UCb8DACjguIFIJuESml-mPhw,1
LotsandFriends,UCN-HJAjWJdIbFHb0EMyzOKQ,1
Rebecca J,UCpASoakIrMUeyBow_m6NR7w,1
Clara Benz,UC_HQCSxHg6JvKssjr9R1Kcw,1
Morena Girls,UCrQIqFWdLyFvVojaJQBHQfg,1
Roxy Roco,UCkk5XIOWV3hVMyjMMtyE-ew,1
Trending Juans,UCSZ36W2jKDO30xgFdOButlA,1
EJ3 TV,UCR9WSizcRlRh1Pp17zO9opA,1
ColeandGg,UCPJErCh7gv6oTnw9mXquLAw,1
No name No grade,UCJouJhscNGq3LoYkqEuv26g,1
Gienella Nardo,UCnuGugD2DHMAo1jSPoPMP2A,1
bernardokath_updates,UCFqc3dvPw5ZKCIfKz8_NhGA,1
PHILIPPINES VIRAL VIDEOS,UCN3giPcLehtTpptYYgAjtng,1
The Buddymoon,UCLWZclmxxZ03pNHJwv2PcSA,1
gina camado,UCC38UZLGU_9u7BEDuL-Vh6g,1
Sauce Have Mercy,UCEavxOwJTKBF-ZxE2tg1SJw,1
MOPS edits,UC0CFvIH7EBbPExnSuYC-AIg,1
Marky TV,UC8rAkUDghrGoOsyjv6kp8DA,1
Dasha Munch,UCA_PFjboITUJsl0sxncvMiw,1
Alice On The Internet,UCMbwnBANk1WIBQFy2grJ4ZA,1
Princess Jane Yiga,UCrmvYAwYJcpjGbt4UPknUEg,1
American Filipina Destiny,UCmUDz0vi1294LVoqO7QoSzg,1
Freedom & Fun With JLB & Friends ,UC7sx38CA-PFpoLfN97_FMOg,1
Josyline kendi,UCkJKk6k_0B9HAqz0WFOFTow,1
Wonder Love,UCnmTHT-QTo-duwXVDdG_FPw,1
Sir Apex TV,UCmX3pBjKqfPYVvLV0X_Aopg,1
ICEE FIT,UCzJs8iO7yBbP-GENBFoDvig,1
Filipina Des,UCnwI2FEn-UCC5qWqsmKj6hw,1
Cyra's Life Vlog,UC7yT2yAU3eSQbeKm7070iYg,1
Jean‚Äôs Vlogs,UCaeHXJB42x57rWNkehf8OWQ,1
Wild Life Nature ,UCLivC_IAbRsiGjIOAZ2BlUw,1
Spicy Duck 2.1B ,UCSR2cYpjs5bkCR3No9B286Q,1
Kenz,UC9DxmBBXKSwMgpKbyHehbQw,1
Volpe Where Are You,UCcPVzEbEIv1GUl_c4owKuhg,1
Monch VLOG,UCy8-Rav1i-E1Xj1K1UkiKzw,1
Just JurZ19,UC3d7NUci7VKe64XKRQKKCXA,1
MARK CHUBS,UCfkZQFJkoNF-a2tSHl8-0mw,1
Spotted PH,UCK8XO9Hu6KRvVRDafepMPxQ,1
Pinoy Overload,UC5LK8yRKV5bEP8qeZ4O_dZg,1
Maggie's Channel,UCF09cwPIvloUqMdcGT8J8Sw,1
Yani and Fabio,UCxVBwtvfcHsJQwCyWjW57wg,1
Dar&Kris,UCcCZUlYe7IGe_aYNTMNC3gw,1
Ronnie Evan,UCbkbidFKGHcte_cPQe08RIw,1
Jamesyboy Experiment,UC3TZ0Ig_ZFYixBWn7E_NQ6g,1
your Markie,UCcpEWmPPD4s6AA9-NrLMWgA,1
Coach Tiger,UCatkACYd126XXRcOhZUV2_g,1
Filipino Women,UCx_Uq21jfF-8l52_iAjfOLw,1
Harold Apale,UCp5vB0EAg8HiukXY9O71ucg,1
Ahlam Reacts,UCIjhaPmpq96x7AFVjxIX4cA,1
Christine,UCAzyWZkTuFDwICf_VB_mEeg,1
AriTV,UCRGlrAS2PX8mtJcmeKKI-mQ,1
Mommy Bibs,UCW_LaTO0TJKsaRcdhEJE3wQ,1
VidShorts,UC-OlgkEX9bj1nR9KcfAahqQ,1
Nate Punzalan,UCJYXyKIY-jTCmEnkJza-AVA,1
iGoRAWRbby,UCAx_SP3BQ12UDAmsoPUqT_A,1
Lyny Garay,UCKoQmzKZ_IPsWf-o3aPOEow,1
RJ ‚ô•Ô∏é,UCejk5dm-JMWb2WzWNd-grdg,1
Escanor TV,UCqxsIiBJkly6rJlw_5fwikw,1
Adoration Faith,UCThpMnr-t7qziATUbupffzQ,1
Chris Romz,UChUkSI_arQShgBOXD4AOtXA,1
Julius Babao UNPLUGGED,UCaJeMzlXhZqWIwuHNXCOs7w,1
Ayland,UCL3zc5Bom51-0Q3tTBAtTCQ,1
Inday Ansie,UCaMEksHa5A17BzX5r74qjVQ,1
Rain Anderson,UC0Rt9o5uS82J5rg-FfmDm3Q,1
Mimie Ba√±ares D‚ÄôPlantita,UCEQ1jmOASiOuJZle0aQsAyA,1
Wajosh,UCpPVGDiJcbxA-QflqqavD9g,1
NHICKZ TV,UCW4reXQ0SlSKxR0dW33HEDw,1
Kreeystene's YT,UC3ukomHw0BxLTx9raegyb9w,1
Alodia Gosiengfiao,UC66eoP3j29OuCIM0-K9RnsA,1
BOB,UCJMY3mziqtQtziWpZGKQduA,1
Lost in the Philippines,UCoKzPVqn7nR2dy_cfoLqWpw,1
The game of matthew,UCsNSox637MgtR8LezWw63nQ,1
Princess Ann Nood,UCkBpOH1EIx4EZI2vei5Pz1A,1
Burger,UC80Z8bbJNqzZ2o6qr9IW5cQ,1
Mindore√±ang Cavite√±a,UCcqaVPRnMWYvkBhk5j0G6RA,1
OSCAR OIDA COMEDY FAN,UCrzEDr4D1g46l2rZcYkIQuA,1
Russianness,UC8wFJv-5PFl42kq6YOOVmCw,1
Chrislain.,UCLCuhJ--HchGCR0su75xhhQ,1
Learn French with Tanishka,UClIB32xM5qhVTah6mxLkjgQ,1
KaTOTO OFW TV,UCxWTVHo4L3B1QoAuzzKtHww,1
The Allens,UCJ9UB8mDLB71P3CX2rfInUQ,1
Kakambal Vlog,UCApCNjdpuWi8LDcgwv-wKqQ,1
MEA vlog Mix,UCtozLCyfyR6Qmcf216V82Uw,1
ACTS CORNER,UCTBPad0vzK5xhS0GJryHpsg,1
CheckouttheRILEYS,UCIo9819Ybn4qeWLJ_wJvoSw,1
Ning Wasabi,UCxiHTXeZXbdxcqtMAmRmqtA,1
Rixz Ivan Montero,UCNduZ7v-vLsIZjxMcK_LX1g,1
TAUSUG TV,UC-Ri2dPEQovwQW8-mrNdozA,1
superinggo tv,UCZn-xBIPY6_ewAVxF31JWlQ,1
Aislinn,UCVUprEYqJlLTMjY7vnMet1A,1
mktriestofilm,UCszx-fw-OQct8I9BEBTxlEA,1
My Knee Bros,UCtDH6egqZ_XA3b8NlmCP9eQ,1
Wendz Vibes,UCz4PY0iHBjV0VGbt1-gsq1g,1
myversionof,UCgXWkw1RnjHfc5WceWWT95g,1
Bisayang Farener,UC4esN_pxTSUhIbYSzYzi52g,1
bisayang bisdaK,UC9ilCYLUnDdFnB7F_TqJvYA,1
Another Day In Paradise,UCkW4GQ0qNspicFHcZ_RWWlQ,1
KAMANIX TV,UCzIXTqs6bZGrvapHn3iSVSQ,1
FEBM,UC5UW6dg4wwitoc1AtvuD9nQ,1
#Traveling Orlando,UCq6FfQfQEuMHD4Clqj5EPqw,1
Filipina Asawa At Nanay,UCQT37jm0klX_FbbrdMYYT6w,1
RockzTVOfficial,UC6d6li0jh2VQteS_v1k9FUQ,1
artistibo,UC0N0XZB3aeul4QvXMPMzQIg,1
ShanghaiBoi,UCvUftCxW7clyM5u-QFwjgXA,1
Farrah and Karl Vlog,UCF515siRp0PKILyw9TmSe6Q,1
Kapuso - Kapamilya,UC941i0JstKHAgL7cGVPbCGw,1
John Kurt Manuel,UC--yHFG8M0SVEmYfO6ODbPQ,1
Untriggered Clips,UC1QQ6DIH6MfT0VbRuuIrXtw,1
Jenalyn Vlogs,UC_rODk0y8lbYAUXSMWE3jew,1
ùêåùêöùê´ùê¢ùêû & ùêìùêöùê¶ùê¶ùê®,UC4eVp1bR_SOpUdPWWvI32yQ,1
Prince and Praise vlogs,UChCNip883AMGQkqqxBNa8pg,1
RandomKvideo,UCMeAvIgJ6dFza3pVR3EEsgw,1
Ako si Ryan,UC1E6cDcBBlJRb6xU1kVAQPg,1
Jonathan Cajes,UClsnoElAMy5a0anjI1eyvmA,1
Team Gorea,UC-OJhvQRf5U3-25mcZkH8ig,1
KA PANGARAP VLOG,UCjeQmycAVOdfpeFDV1-BcfQ,1
Jimoy,UCuanpvQUkueTELtouGQWBEQ,1
Wow Philippines,UCenHUOp-nF7FfYV_w6BqQew,1
Masipag_Canadian_Adventures,UCSNSAFBFrP1pBhfyQueJWLQ,1
BLACK ARMOUR  M.M.A,UCous-mldyJJZmfJC40Kiv0w,1
Pageants and News,UC6sghBovuHXPrlkSP_5oXtg,1
Kyle Tisoy and Momma,UCZXggai8ak8udnhk2Sy90Kw,1
spawn16,UC5cLvOJ36aTHSQZ8JOj4FGg,1
Paul Monata,UCWaof8gH7ur0koQi0UYmrwQ,1
LovebyGod,UCHrFC_64hxsSwjTCxbHr6Nw,1
alfrichworld,UC-PqbL-QnbsCrMWogluEtkA,1
Aksana Ancheta,UCAJWAjw8MTI0wUFs64vtfDw,1
jbmasic,UCp1cJV09EB_K7Ho7o_oyRmw,1
Jomar Montenegro,UCmRjCJ-Omnv47pcVh5PFAEg,1
Finding Tom,UC8nN0X9k1JO3IlYUEPtA83g,1
Apprisers,UCoxTClB8M4dLjQDC6Mp1HVg,1
Aussie Filipina Simple Living,UCt9o32AVFjuhMy4VYi8kDQQ,1
mashulya love93,UCChRlWpFid2TcHJ8evIZedg,1
Robinson Healhty Laugh,UChwmktP9CV_RuaQGmf0A46w,1
Siddhartth Amar,UCm6y-B32n51HOVZs-L5dVRQ,1
Wild CARLOS appeared!,UCbKHjNv3DBqANFpp2xMLnxQ,1
Raquel Rodriguez adventure and travel,UC5oJDVeW-LWiAYnMCcamx2w,1
Mrs Eats,UCuzzuTQH0FTqNg2LGT8QS0Q,1
Travel and Hop,UCIT9J3uGZfuNG2kdA6iWMQw,1
Pusong Pinoy Dream Life,UC81JaeZtLMMwLUXkVsbF5hA,1
unchallenged,UCVT6Q_ypFDWpgF6kzl9yWzg,1
Shine Light,UCXECTxmANx2HeX_aLJX-ERg,1
yourtruebrit,UCOxojrvFYQAQT56F2XlhBSA,1
Belgian Filipino Lovers,UConHx2XcthpWEuCgDPFATMw,1
Gich mich,UCfA2-bz2emQy0I6AeoblTmw,1
Philippines Xtremes ,UC9m2SSncTZ4N0_un33pjD8w,1
Angie Strangie,UCjPFprfI_9tH6IvggRKHujA,1
Learning with Albine,UCCQoBiPLkn-bbGKABYKFF_A,1
Nawawalang Pinoy,UCXpg7S5gBHT_pevH1wdCt4Q,1
Indo Overseas Films,UCZhZmvqQM_S8vZ7x13wY4cw,1
