Channel Title,Channel Id,videoCount
Making it happen Vlog,UCuS5fmeEDpnW5JPMdRhGm7A,74
GKD LABELS,UC4S7Ca53tVPuNQhAJKxzlzw,56
THE KITO FAMILY,UCFr0o7rHZ0oToelztCUkJZQ,17
Living abroad,UCoWQLZoPwn3mJ-oiPrwDpbA,16
Justin & Alina,UCxBWeubuZrc8sQE_bXytgUQ,13
Ali Yui Club｜Filipino Japanese couple ,UCUQPGGBkluwPMxRyY8n1DWQ,12
Ken Abroad,UCHza0GAxOvBOeLKkMeL8EcQ,11
Go With Ali,UC8S3gQ0LjFLx4cFrzBXytrw,10
Chad Foster Explores,UCRJsTt5C_CCKtst-pqMzYVA,9
Rocío RC Colón,UCMHRM06tR8Sa-Hj3yT_k8fQ,9
itsKEVO,UCPyi-4WfF63TJ95zKShawcw,9
KIM n LEE,UCRrUJKpFAGgA9WVjSWhgk2Q,8
Jus' 2 React,UCjFqjcg0RR6ILLrZ32k4D9g,8
Awesome world 어썸월드,UC3XwA9aaZdWfojyo9wKaFtw,8
Lazisoo,UC-Cf5_vTOtmN8tkR3Bs_TSg,7
Mikey Bustos,UCZ7Cxp6r5JMhpSrIETCXzdQ,6
Twins SF,UCPGDvVGtdbkJgnWmSXLXI1A,6
Rice Squad,UCvpAuunAEsJSaJRnq7iX4jA,6
KJ AVELINO VLOGS,UCRcnAgWCwVdeGaDxXOStLDA,6
Everyday with Kris,UCfKpZv8Ra6KRjGXLvKEMKFQ,6
Mark Wiens,UCyEd6QBSgat5kkC6svyjudA,5
Myk's Philippine Journey,UCTfHKQ9fbUEiStUAQEax7dw,5
HeyoLeah,UCM31OXY_a1lrR2dSTOpeVkA,5
The Trips,UCSrMrcpvabewFQCSBRUAiWw,4
Asian Boss,UC2-_WWPT_124iN6jiym4fOw,4
Xiaomanyc 小马在纽约,UCLNoXf8gq6vhwsrYp-l0J-Q,4
Jeanelleats,UCU03NklypYW1AAIoNE2Vh1g,4
Shev and Dev,UCzjxQJtI4GqGaBwFagqv1AQ,4
Part Time Travelling Family - Eleise and Lawrence,UCRMPRZ498l0Bu5xvcvaesuA,4
Zoe&Czar,UC6tqkWOGlN6zJDcnJvYkaMQ,4
LEBIB FAMILY,UCOzLRbrX5UVsHRoMl2pNICQ,3
Switzerland and the Philippines,UCIgf5ncld_GFXbu9MWc6MCQ,3
Dale Philip,UCKygRpISlqs5TufcT3JtRng,3
American Entrepreneur in the Philippines,UCKie0svsFyBBsKaQIA4hx-w,3
curious AK,UCLhk-M_MXhxwvjwgU1--w-Q,3
Asians Down Under,UCDikY0fBFXGCFA_0Fr2azYg,3
Tastes Seoul Good테이스트서울굿,UCI_4xw1y0CV-1gVYK2PgW-A,3
keis one,UCO5IhWS7_CIU1HoAkffBzcg,2
Always on a Journey,UCMGEUVgOJ3jqLfvogNjOH3w,2
Lost Knox,UCu69sXEA647BkACmLf1Zh7A,2
Hobo Ventures ,UCmXq0ZRIyR3eX9OhTrNHisA,2
Strictly Dumpling,UCXOKEdfOFxsHO_-Su3K8SHg,2
KATCHUP,UC-YjZCIxGE1Al-I2rGTukyA,2
Quang Tran,UCraOIV5tXbWQtq7ORVOG4gg,2
Leeman reacts,UCATEfq-fUMoK-zftoyppJqA,2
Our Half Asian Adventure,UCqie0bD3ltJm2qGDbiKjm-Q,2
Learn with Daryll,UCR-yUQRWEciSqQowtTDHskA,2
The Philippines Project,UC1MNjDRpoEsl_tiogaRYt1A,2
Fearless & Far,UC_DmOS_FBvO4H27U7X0OtRg,2
Grace Kim,UCflE-QMT5V5l74ivZ50jzIg,2
Faruk Acar,UCT1Ay1RAXtUlEII5toY3gBg,2
Divert Living,UCO-BUJCM03NS-rwr1VonV4A,2
Travelling Yearbook,UCZemRLjTG7_Iz1O5mYOTv5w,2
laoshu505000,UCbRaUB7Hfe3clmKqqj8Nm1Q,2
Delightful Travellers,UCHeFV2atoLtgdKH4iu29orA,2
Tosa Dela Yaun,UCAn1xZqc_LzZc3D7DpcFcFw,2
Two Between | Sarah and Seunghyun,UC82Q2jylxM5jMmnK4SEb8pA,2
Milky Coffee,UCLQ1V9BthBBZA_mE3QV18eA,2
ProjectHanna,UCtBIWmRRlItV4I8e_AMLWeA,2
Aaron Around,UC9DwgmJc-uKnxGavukOy_6w,2
Martin Solhaugen,UCa__kMdkhFJvXcx1WALJ3hg,2
Sebin Kim 세빈킴,UCOBhPv7iSNPNeyyBTkY1VtA,2
FoodieMommaPH,UC8hiiGm6GTyTVvO-LtZ2Xmw,2
Mr BulBul,UCp17yfUHfvmjHpHa0xKOmig,2
Life Where I'm From,UCqwxJts-6yF33rupyF_DCsA,2
Paul in the Philippines Old Dog New Tricks,UCL8IPpUd7kIfEoPgTl2LzPA,1
The Love Train Nation,UCPNBc7ZRwmgk1I6j_lenAfw,1
KJ Web & Media Blogs,UCcSa9BmYHenGseFdNvNYPLA,1
Pero Like,UCArVi6FH57DfXJWn1Gc8iAQ,1
The Bailey Squad,UCuz8KBA9YP2JpaHorBVTp7Q,1
Pinoy Planet,UC_hN8xs99S6jnMdYCuJgoJA,1
Nicca Wanderlust,UCUnnIlmSRnqu_iuh9v5CjSA,1
The Manifested Family,UCSp8fcx6N6EqteugsAHD9Vw,1
Dany #gotaworldtosee,UC-1ZY8bY46rX3ySgG3Qyn3g,1
Meet The Nomads,UCTYLltHLCjnZc7g9ltZeDVw,1
JoshuaSalom,UCf8njWwyxdHr0q9Fg8mFmRQ,1
K-Pop Vocal Coach,UCuoZLURMs4av8y-n80eviFw,1
BuzzFeed UK,UCAqEoRfgMCtErK0qsL1cCtw,1
10 Tampa Bay,UCMYlXK0jyerVnc3dmz-vjCA,1
Exploring With Cody,UCurHnY2uGGxazkbc8PxFvFA,1
JREKML,UCi9mzS8H-ez_30w5SCL2dmw,1
Pinay Mom in South Korea,UC1PEGwrUGWkcIKxQZY-jUMA,1
D&J TV,UCaGbxfCf3D4pwjR2kXTYhZg,1
Chinesevid,UC_BxmL9HB_lr5ju6F4uiptA,1
Kirby Araullo,UCLdHxodB8o1nAhJTstCoWlw,1
Philippine Women,UCHgKHbSc87ES-H_xLlh6j9A,1
K-DOC,UCPpPaYLh7GCIvzoVxHGyw0w,1
Cebu Women Official,UCjpmc-iZPgIlu-MIurDRlYA,1
Tater Travels,UC952h9ohW-2w_g0TMrVNgMw,1
Walids Journey,UCDRbz-Otyz57pRKQwUkr0ww,1
THE KPOPSIS,UCBg3YEt99SLKKj26_pF29ew,1
Tengkers World [PHIL-KOR Family],UCIpnQnRBlaNqDa-Di0DsHyw,1
Travel with Luke Damant,UCWm__g4cPmX-umorqM8VfWw,1
HellthyJunkFood,UCY1Yc3xA1aY0lqnKUTDTi7A,1
Jumping Places,UCOsve8EeUntXzOyeGRUc3OA,1
arianne & clinette,UC3K981fnxuq0SWU5bnQ917Q,1
CouplesQuest_ | Matt and Danielle ,UCZ1OXjyMDPokR8xOJqCv05g,1
Erik Shoji,UCYlxLFwSj8CRAzQM4z96pSg,1
AgiesESLdiary,UCRaBrW5dHJDTnVhTAZj3uyg,1
The Endless Adventure,UCEDrRCC0qRtPd5-sSa1hajw,1
BryanDiscoversWorld,UCTSoA4nbjpOeoWQ_ClHsHSQ,1
BuzzFeed Bring Me,UC4wdBTbD8lWlhZdggG2YBlw,1
Pinay mom's blogs,UCTPxMCyJyYGF6H0eBhOvgsA,1
GoTime Travels,UCHHsLgcp82jsTUdULULDjbA,1
TheFamChannel,UCXNSrWyXThUkQT5NYa0t2vg,1
drew Nation,UCHKoUFkbdX2LnWXGcbkC3jA,1
